"STATION","DATE","LATITUDE","LONGITUDE","ELEVATION","NAME","TEMP","TEMP_ATTRIBUTES","DEWP","DEWP_ATTRIBUTES","SLP","SLP_ATTRIBUTES","STP","STP_ATTRIBUTES","VISIB","VISIB_ATTRIBUTES","WDSP","WDSP_ATTRIBUTES","MXSPD","GUST","MAX","MAX_ATTRIBUTES","MIN","MIN_ATTRIBUTES","PRCP","PRCP_ATTRIBUTES","SNDP","FRSHTT"
"01087799999","2020-01-01","60.6333333","3.7166666","90.0","TROLL A OIL PLATFORM, NO","  45.1","24","  40.5","24","9999.9"," 0","999.9"," 0","  6.2","24"," 27.7","24"," 40.0","999.9","  46.4","*","  44.6","*"," 0.00","I","999.9","000000"
"01087799999","2020-01-02","60.6333333","3.7166666","90.0","TROLL A OIL PLATFORM, NO","  46.0","24","  42.8","24","9999.9"," 0","999.9"," 0","  4.0","24"," 41.7","24"," 46.0","999.9","  48.2","*","  41.0","*","99.99"," ","999.9","011000"
"01087799999","2020-01-03","60.6333333","3.7166666","90.0","TROLL A OIL PLATFORM, NO","  39.1","24","  28.1","24","9999.9"," 0","999.9"," 0","  5.8","24"," 41.8","24"," 61.0"," 75.0","  44.6","*","  33.8","*","99.99"," ","999.9","011000"
"01087799999","2020-01-04","60.6333333","3.7166666","90.0","TROLL A OIL PLATFORM, NO","  39.2","24","  26.4","24","9999.9"," 0","999.9"," 0","  6.2","24"," 27.7","24"," 45.1"," 54.0","  41.0","*","  35.6","*","99.99"," ","999.9","010000"
"01087799999","2020-01-05","60.6333333","3.7166666","90.0","TROLL A OIL PLATFORM, NO","  45.1","24","  43.3","24","9999.9"," 0","999.9"," 0","  2.7","24"," 31.3","24"," 40.0","999.9","  48.2","*","  39.2","*","99.99"," ","999.9","111000"
"01087799999","2020-01-06","60.6333333","3.7166666","90.0","TROLL A OIL PLATFORM, NO","  45.7","24","  43.8","24","9999.9"," 0","999.9"," 0","  3.8","24"," 34.0","24"," 49.0","999.9","  46.4","*","  44.6","*","99.99"," ","999.9","010000"
"01087799999","2020-01-07","60.6333333","3.7166666","90.0","TROLL A OIL PLATFORM, NO","  46.5","24","  42.0","24","9999.9"," 0","999.9"," 0","  4.3","24"," 39.7","24"," 53.0"," 67.0","  50.0","*","  44.6","*","99.99"," ","999.9","010000"
"01087799999","2020-01-08","60.6333333","3.7166666","90.0","TROLL A OIL PLATFORM, NO","  43.6","24","  34.6","24","9999.9"," 0","999.9"," 0","  5.4","24"," 41.4","24"," 51.1"," 65.1","  50.0","*","  41.0","*","99.99"," ","999.9","010000"
"01087799999","2020-01-09","60.6333333","3.7166666","90.0","TROLL A OIL PLATFORM, NO","  42.6","24","  34.2","24","9999.9"," 0","999.9"," 0","  6.1","24"," 12.7","24"," 24.1","999.9","  44.6","*","  41.0","*","99.99"," ","999.9","011000"
"01087799999","2020-01-10","60.6333333","3.7166666","90.0","TROLL A OIL PLATFORM, NO","  44.2","24","  34.8","24","9999.9"," 0","999.9"," 0","  6.2","24"," 21.8","24"," 53.0"," 62.0","  44.6","*","  42.8","*","99.99"," ","999.9","010000"
"01087799999","2020-01-11","60.6333333","3.7166666","90.0","TROLL A OIL PLATFORM, NO","  45.5","23","  41.5","23","9999.9"," 0","999.9"," 0","  3.6","23"," 40.0","23"," 55.0"," 65.1","  48.2","*","  42.8","*","99.99"," ","999.9","010000"
"01087799999","2020-01-12","60.6333333","3.7166666","90.0","TROLL A OIL PLATFORM, NO","  41.9","24","  33.6","24","9999.9"," 0","999.9"," 0","  5.6","24"," 36.5","24"," 46.0"," 58.1","  44.6","*","  37.4","*","99.99"," ","999.9","010000"
"01087799999","2020-01-13","60.6333333","3.7166666","90.0","TROLL A OIL PLATFORM, NO","  44.1","23","  35.2","23","9999.9"," 0","999.9"," 0","  5.8","23"," 42.4","23"," 62.9"," 75.0","  44.6","*","  41.0","*","99.99"," ","999.9","010000"
"01087799999","2020-01-14","60.6333333","3.7166666","90.0","TROLL A OIL PLATFORM, NO","  44.1","24","  36.4","24","9999.9"," 0","999.9"," 0","  5.4","24"," 40.0","24"," 63.9"," 73.0","  46.4","*","  37.4","*","99.99"," ","999.9","011000"
"01087799999","2020-01-15","60.6333333","3.7166666","90.0","TROLL A OIL PLATFORM, NO","  43.7","22","  35.6","22","9999.9"," 0","999.9"," 0","  5.6","22"," 36.9","22"," 47.0"," 53.0","  46.4","*","  37.4","*","99.99"," ","999.9","010000"
"01087799999","2020-01-16","60.6333333","3.7166666","90.0","TROLL A OIL PLATFORM, NO","  46.0","24","  40.1","24","9999.9"," 0","999.9"," 0","  5.4","24"," 38.5","24"," 53.0"," 63.9","  46.4","*","  42.8","*","99.99"," ","999.9","010000"
"01087799999","2020-01-17","60.6333333","3.7166666","90.0","TROLL A OIL PLATFORM, NO","  45.9","24","  40.3","24","9999.9"," 0","999.9"," 0","  5.3","24"," 33.4","24"," 49.0"," 58.1","  48.2","*","  44.6","*","99.99"," ","999.9","010000"
"01087799999","2020-01-18","60.6333333","3.7166666","90.0","TROLL A OIL PLATFORM, NO","  43.7","24","  35.0","24","9999.9"," 0","999.9"," 0","  6.2","24"," 32.0","24"," 46.0"," 48.0","  46.4","*","  41.0","*","99.99"," ","999.9","010000"
"01087799999","2020-01-19","60.6333333","3.7166666","90.0","TROLL A OIL PLATFORM, NO","  44.4","24","  35.1","24","9999.9"," 0","999.9"," 0","  5.4","24"," 25.0","24"," 38.1","999.9","  46.4","*","  42.8","*","99.99"," ","999.9","010000"
"01087799999","2020-01-20","60.6333333","3.7166666","90.0","TROLL A OIL PLATFORM, NO","  47.0","24","  45.0","24","9999.9"," 0","999.9"," 0","  3.4","24"," 33.0","24"," 38.1","999.9","  48.2","*","  44.6","*","99.99"," ","999.9","010000"
"01087799999","2020-01-21","60.6333333","3.7166666","90.0","TROLL A OIL PLATFORM, NO","  44.1","24","  36.8","24","9999.9"," 0","999.9"," 0","  5.9","24"," 24.8","24"," 40.0"," 49.0","  46.4","*","  42.8","*","99.99"," ","999.9","010000"
"01087799999","2020-01-22","60.6333333","3.7166666","90.0","TROLL A OIL PLATFORM, NO","  44.2","24","  36.1","24","9999.9"," 0","999.9"," 0","  5.4","24"," 17.6","24"," 27.0","999.9","  46.4","*","  41.0","*","99.99"," ","999.9","010000"
"01087799999","2020-01-23","60.6333333","3.7166666","90.0","TROLL A OIL PLATFORM, NO","  46.0","24","  42.6","24","9999.9"," 0","999.9"," 0","  4.9","24"," 31.3","24"," 35.9","999.9","  48.2","*","  42.8","*","99.99"," ","999.9","010000"
"01087799999","2020-01-24","60.6333333","3.7166666","90.0","TROLL A OIL PLATFORM, NO","  42.3","24","  34.2","24","9999.9"," 0","999.9"," 0","  6.0","24"," 24.7","24"," 34.0"," 49.0","  44.6","*","  41.0","*","99.99"," ","999.9","010000"
"01087799999","2020-01-25","60.6333333","3.7166666","90.0","TROLL A OIL PLATFORM, NO","  45.0","24","  40.4","24","9999.9"," 0","999.9"," 0","  6.1","24"," 27.1","24"," 34.0","999.9","  46.4","*","  42.8","*","99.99"," ","999.9","010000"
"01087799999","2020-01-26","60.6333333","3.7166666","90.0","TROLL A OIL PLATFORM, NO","  45.3","24","  40.7","24","9999.9"," 0","999.9"," 0","  5.0","24"," 33.0","24"," 40.0","999.9","  46.4","*","  41.0","*","99.99"," ","999.9","010000"
"01087799999","2020-01-27","60.6333333","3.7166666","90.0","TROLL A OIL PLATFORM, NO","  41.9","24","  34.1","24","9999.9"," 0","999.9"," 0","  6.1","24"," 19.9","24"," 39.0","999.9","  42.8","*","  39.2","*","99.99"," ","999.9","010000"
"01087799999","2020-01-28","60.6333333","3.7166666","90.0","TROLL A OIL PLATFORM, NO","  42.0","24","  30.4","24","9999.9"," 0","999.9"," 0","  6.2","24"," 16.6","24"," 28.9","999.9","  42.8","*","  41.0","*","99.99"," ","999.9","010000"
"01087799999","2020-01-29","60.6333333","3.7166666","90.0","TROLL A OIL PLATFORM, NO","  40.7","24","  33.0","24","9999.9"," 0","999.9"," 0","  6.1","24","  7.5","24"," 18.1","999.9","  42.8","*","  37.4","*","99.99"," ","999.9","011000"
"01087799999","2020-01-30","60.6333333","3.7166666","90.0","TROLL A OIL PLATFORM, NO","  41.4","24","  36.7","24","9999.9"," 0","999.9"," 0","  5.6","24"," 26.8","24"," 45.1"," 54.0","  42.8","*","  39.2","*","99.99"," ","999.9","010000"
"01087799999","2020-01-31","60.6333333","3.7166666","90.0","TROLL A OIL PLATFORM, NO","  45.0","24","  39.3","24","9999.9"," 0","999.9"," 0","  5.0","24"," 31.4","24"," 39.0"," 48.0","  46.4","*","  42.8","*","99.99"," ","999.9","110000"
"01087799999","2020-02-01","60.6333333","3.7166666","90.0","TROLL A OIL PLATFORM, NO","  43.0","24","  36.9","24","9999.9"," 0","999.9"," 0","  5.7","24"," 27.7","24"," 35.9"," 42.0","  48.2","*","  35.6","*","99.99"," ","999.9","011000"
"01087799999","2020-02-02","60.6333333","3.7166666","90.0","TROLL A OIL PLATFORM, NO","  39.6","24","  29.2","24","9999.9"," 0","999.9"," 0","  6.2","24"," 16.1","24"," 34.0","999.9","  41.0","*","  37.4","*","99.99"," ","999.9","010000"
"01087799999","2020-02-03","60.6333333","3.7166666","90.0","TROLL A OIL PLATFORM, NO","  39.5","24","  32.9","24","9999.9"," 0","999.9"," 0","  5.6","24"," 23.6","24"," 39.0","999.9","  42.8","*","  33.8","*","99.99"," ","999.9","011000"
"01087799999","2020-02-04","60.6333333","3.7166666","90.0","TROLL A OIL PLATFORM, NO","  41.7","24","  31.2","24","9999.9"," 0","999.9"," 0","  6.2","24"," 19.2","24"," 35.9","999.9","  42.8","*","  39.2","*","99.99"," ","999.9","010000"
"01087799999","2020-02-05","60.6333333","3.7166666","90.0","TROLL A OIL PLATFORM, NO","  45.2","24","  39.3","24","9999.9"," 0","999.9"," 0","  5.6","24"," 27.5","24"," 35.9","999.9","  48.2","*","  42.8","*","99.99"," ","999.9","010000"
"01087799999","2020-02-06","60.6333333","3.7166666","90.0","TROLL A OIL PLATFORM, NO","  45.8","24","  43.6","24","9999.9"," 0","999.9"," 0","  4.3","24"," 15.8","24"," 25.1","999.9","  46.4","*","  44.6","*","99.99"," ","999.9","110000"
"01087799999","2020-02-07","60.6333333","3.7166666","90.0","TROLL A OIL PLATFORM, NO","  43.0","24","  39.4","24","9999.9"," 0","999.9"," 0","  4.2","24"," 27.7","24"," 47.0","999.9","  44.6","*","  41.0","*","99.99"," ","999.9","110000"
"01087799999","2020-02-08","60.6333333","3.7166666","90.0","TROLL A OIL PLATFORM, NO","  44.3","24","  37.8","24","9999.9"," 0","999.9"," 0","  4.7","24"," 46.9","24"," 63.9"," 74.0","  46.4","*","  42.8","*","99.99"," ","999.9","010000"
"01087799999","2020-02-09","60.6333333","3.7166666","90.0","TROLL A OIL PLATFORM, NO","  43.4","24","  40.6","24","9999.9"," 0","999.9"," 0","  2.6","24"," 35.5","24"," 63.9"," 76.0","  46.4","*","  39.2","*","99.99"," ","999.9","011000"
"01087799999","2020-02-10","60.6333333","3.7166666","90.0","TROLL A OIL PLATFORM, NO","  41.0","24","  32.9","24","9999.9"," 0","999.9"," 0","  6.0","24"," 30.9","24"," 48.0","999.9","  42.8","*","  37.4","*","99.99"," ","999.9","010000"
"01087799999","2020-02-11","60.6333333","3.7166666","90.0","TROLL A OIL PLATFORM, NO","  40.3","24","  33.6","24","9999.9"," 0","999.9"," 0","  6.1","24"," 29.8","24"," 40.0"," 42.0","  42.8","*","  37.4","*","99.99"," ","999.9","010000"
"01087799999","2020-02-12","60.6333333","3.7166666","90.0","TROLL A OIL PLATFORM, NO","  38.9","24","  27.9","24","9999.9"," 0","999.9"," 0","  6.0","24"," 29.2","24"," 36.9"," 44.1","  41.0","*","  33.8","*","99.99"," ","999.9","011000"
"01087799999","2020-02-13","60.6333333","3.7166666","90.0","TROLL A OIL PLATFORM, NO","  39.7","24","  30.0","24","9999.9"," 0","999.9"," 0","  6.0","24"," 15.0","24"," 22.0"," 28.0","  42.8","*","  37.4","*","99.99"," ","999.9","011000"
"01087799999","2020-02-14","60.6333333","3.7166666","90.0","TROLL A OIL PLATFORM, NO","  42.3","24","  34.7","24","9999.9"," 0","999.9"," 0","  5.5","24"," 31.4","24"," 55.0"," 61.0","  46.4","*","  39.2","*","99.99"," ","999.9","010000"
"01087799999","2020-02-15","60.6333333","3.7166666","90.0","TROLL A OIL PLATFORM, NO","  45.0","24","  37.7","24","9999.9"," 0","999.9"," 0","  5.1","24"," 39.0","24"," 54.0"," 62.0","  46.4","*","  44.6","*","99.99"," ","999.9","010000"
"01087799999","2020-02-16","60.6333333","3.7166666","90.0","TROLL A OIL PLATFORM, NO","  44.5","24","  35.3","24","9999.9"," 0","999.9"," 0","  6.0","24"," 42.0","24"," 49.9"," 62.9","  46.4","*","  42.8","*","99.99"," ","999.9","010000"
"01087799999","2020-02-17","60.6333333","3.7166666","90.0","TROLL A OIL PLATFORM, NO","  44.4","24","  38.4","24","9999.9"," 0","999.9"," 0","  5.3","24"," 43.9","24"," 59.1"," 70.9","  46.4","*","  42.8","*","99.99"," ","999.9","010000"
"01087799999","2020-02-18","60.6333333","3.7166666","90.0","TROLL A OIL PLATFORM, NO","  42.5","24","  34.9","24","9999.9"," 0","999.9"," 0","  6.1","24"," 30.6","24"," 42.0"," 45.1","  44.6","*","  39.2","*","99.99"," ","999.9","010000"
"01087799999","2020-02-19","60.6333333","3.7166666","90.0","TROLL A OIL PLATFORM, NO","  42.8","24","  34.8","24","9999.9"," 0","999.9"," 0","  6.2","24"," 20.3","24"," 46.0","999.9","  44.6","*","  41.0","*","99.99"," ","999.9","010000"
"01087799999","2020-02-20","60.6333333","3.7166666","90.0","TROLL A OIL PLATFORM, NO","  41.5","24","  37.2","24","9999.9"," 0","999.9"," 0","  4.1","24"," 32.9","24"," 47.0","999.9","  46.4","*","  37.4","*","99.99"," ","999.9","011000"
"01087799999","2020-02-21","60.6333333","3.7166666","90.0","TROLL A OIL PLATFORM, NO","  44.1","24","  37.0","24","9999.9"," 0","999.9"," 0","  5.1","24"," 42.2","24"," 55.0"," 67.0","  46.4","*","  41.0","*","99.99"," ","999.9","010000"
"01087799999","2020-02-22","60.6333333","3.7166666","90.0","TROLL A OIL PLATFORM, NO","  41.3","24","  33.9","24","9999.9"," 0","999.9"," 0","  5.6","24"," 38.2","24"," 52.1"," 53.0","  44.6","*","  37.4","*","99.99"," ","999.9","010000"
"01087799999","2020-02-23","60.6333333","3.7166666","90.0","TROLL A OIL PLATFORM, NO","  40.4","24","  27.6","24","9999.9"," 0","999.9"," 0","  6.1","24"," 18.4","24"," 28.9"," 42.0","  42.8","*","  39.2","*","99.99"," ","999.9","010000"
"01087799999","2020-02-24","60.6333333","3.7166666","90.0","TROLL A OIL PLATFORM, NO","  38.8","24","  25.2","24","9999.9"," 0","999.9"," 0","  5.9","24"," 16.5","24"," 40.0","999.9","  41.0","*","  35.6","*","99.99"," ","999.9","010000"
"01087799999","2020-02-25","60.6333333","3.7166666","90.0","TROLL A OIL PLATFORM, NO","  38.5","24","  21.1","24","9999.9"," 0","999.9"," 0","  6.2","24"," 13.4","24"," 27.0","999.9","  41.0","*","  35.6","*"," 0.00","I","999.9","000000"
"01087799999","2020-02-26","60.6333333","3.7166666","90.0","TROLL A OIL PLATFORM, NO","  37.3","24","  27.9","24","9999.9"," 0","999.9"," 0","  5.7","24"," 30.4","24"," 47.0"," 65.1","  39.2","*","  33.8","*","99.99"," ","999.9","011000"
"01087799999","2020-02-27","60.6333333","3.7166666","90.0","TROLL A OIL PLATFORM, NO","  37.0","24","  31.9","24","9999.9"," 0","999.9"," 0","  5.7","24"," 23.6","24"," 42.0","999.9","  39.2","*","  33.8","*","99.99"," ","999.9","011000"
"01087799999","2020-02-28","60.6333333","3.7166666","90.0","TROLL A OIL PLATFORM, NO","  39.4","24","  30.2","24","9999.9"," 0","999.9"," 0","  6.2","24"," 16.7","24"," 29.9","999.9","  41.0","*","  35.6","*","99.99"," ","999.9","010000"
"01087799999","2020-02-29","60.6333333","3.7166666","90.0","TROLL A OIL PLATFORM, NO","  37.2","24","  32.0","24","9999.9"," 0","999.9"," 0","  4.7","24"," 31.1","24"," 41.0"," 46.0","  39.2","*","  33.8","*","99.99"," ","999.9","011000"
"01087799999","2020-03-01","60.6333333","3.7166666","90.0","TROLL A OIL PLATFORM, NO","  39.4","24","  33.5","24","9999.9"," 0","999.9"," 0","  6.0","24"," 26.0","24"," 33.0","999.9","  42.8","*","  35.6","*","99.99"," ","999.9","011000"
"01087799999","2020-03-02","60.6333333","3.7166666","90.0","TROLL A OIL PLATFORM, NO","  42.6","24","  36.1","24","9999.9"," 0","999.9"," 0","  6.1","24"," 29.0","24"," 36.9"," 39.0","  44.6","*","  39.2","*","99.99"," ","999.9","010000"
"01087799999","2020-03-03","60.6333333","3.7166666","90.0","TROLL A OIL PLATFORM, NO","  41.8","24","  33.7","24","9999.9"," 0","999.9"," 0","  6.2","24"," 24.7","24"," 33.0","999.9","  44.6","*","  37.4","*","99.99"," ","999.9","011000"
"01087799999","2020-03-04","60.6333333","3.7166666","90.0","TROLL A OIL PLATFORM, NO","  41.4","24","  34.3","24","9999.9"," 0","999.9"," 0","  6.1","24"," 14.1","24"," 22.9","999.9","  44.6","*","  39.2","*","99.99"," ","999.9","010000"
"01087799999","2020-03-05","60.6333333","3.7166666","90.0","TROLL A OIL PLATFORM, NO","  40.0","24","  32.7","24","9999.9"," 0","999.9"," 0","  5.9","24"," 16.5","24"," 27.0","999.9","  42.8","*","  37.4","*","99.99"," ","999.9","011000"
"01087799999","2020-03-06","60.6333333","3.7166666","90.0","TROLL A OIL PLATFORM, NO","  41.3","24","  34.6","24","9999.9"," 0","999.9"," 0","  6.0","24"," 15.4","24"," 24.1"," 33.0","  44.6","*","  37.4","*","99.99"," ","999.9","011000"
"01087799999","2020-03-07","60.6333333","3.7166666","90.0","TROLL A OIL PLATFORM, NO","  40.9","24","  36.6","24","9999.9"," 0","999.9"," 0","  3.9","24"," 38.7","24"," 53.0","999.9","  44.6","*","  37.4","*","99.99"," ","999.9","011000"
"01087799999","2020-03-08","60.6333333","3.7166666","90.0","TROLL A OIL PLATFORM, NO","  45.0","24","  42.5","24","9999.9"," 0","999.9"," 0","  4.1","24"," 32.1","24"," 42.9","999.9","  46.4","*","  44.6","*","99.99"," ","999.9","010000"
"01087799999","2020-03-09","60.6333333","3.7166666","90.0","TROLL A OIL PLATFORM, NO","  44.4","24","  38.1","24","9999.9"," 0","999.9"," 0","  6.2","24"," 23.3","24"," 32.1","999.9","  46.4","*","  42.8","*","99.99"," ","999.9","010000"
"01087799999","2020-03-10","60.6333333","3.7166666","90.0","TROLL A OIL PLATFORM, NO","  42.6","24","  39.1","24","9999.9"," 0","999.9"," 0","  4.9","24"," 35.4","24"," 44.1","999.9","  44.6","*","  41.0","*","99.99"," ","999.9","010000"
"01087799999","2020-03-11","60.6333333","3.7166666","90.0","TROLL A OIL PLATFORM, NO","  41.9","24","  33.7","24","9999.9"," 0","999.9"," 0","  5.7","24"," 36.1","24"," 45.1"," 60.0","  44.6","*","  35.6","*","99.99"," ","999.9","011000"
"01087799999","2020-03-12","60.6333333","3.7166666","90.0","TROLL A OIL PLATFORM, NO","  40.2","24","  32.5","24","9999.9"," 0","999.9"," 0","  6.0","24"," 30.9","24"," 53.0","999.9","  44.6","*","  35.6","*","99.99"," ","999.9","010000"
"01087799999","2020-03-13","60.6333333","3.7166666","90.0","TROLL A OIL PLATFORM, NO","  34.7","21","  19.9","21","9999.9"," 0","999.9"," 0","  6.1","21"," 24.8","21"," 47.0"," 53.0","  37.4","*","  32.0","*","99.99"," ","999.9","011000"
"01087799999","2020-03-14","60.6333333","3.7166666","90.0","TROLL A OIL PLATFORM, NO","  38.5","18","  29.2","18","9999.9"," 0","999.9"," 0","  5.4","18"," 38.4","18"," 55.9"," 66.0","  42.8","*","  35.6","*","99.99"," ","999.9","010000"
"01087799999","2020-03-15","60.6333333","3.7166666","90.0","TROLL A OIL PLATFORM, NO","  43.7","24","  39.4","24","9999.9"," 0","999.9"," 0","  4.8","24"," 25.1","24"," 45.1","999.9","  48.2","*","  41.0","*","99.99"," ","999.9","010000"
"01087799999","2020-03-16","60.6333333","3.7166666","90.0","TROLL A OIL PLATFORM, NO","  41.4","24","  31.2","24","9999.9"," 0","999.9"," 0","  5.5","24"," 27.3","24"," 49.0"," 55.9","  44.6","*","  39.2","*","99.99"," ","999.9","011000"
"01087799999","2020-03-17","60.6333333","3.7166666","90.0","TROLL A OIL PLATFORM, NO","  43.7","24","  36.8","24","9999.9"," 0","999.9"," 0","  6.0","24"," 34.0","24"," 42.9"," 47.0","  46.4","*","  39.2","*","99.99"," ","999.9","010000"
"01087799999","2020-03-18","60.6333333","3.7166666","90.0","TROLL A OIL PLATFORM, NO","  40.4","24","  32.7","24","9999.9"," 0","999.9"," 0","  6.1","24"," 28.0","24"," 39.0"," 45.1","  42.8","*","  39.2","*","99.99"," ","999.9","010000"
"01087799999","2020-03-19","60.6333333","3.7166666","90.0","TROLL A OIL PLATFORM, NO","  40.6","24","  33.2","24","9999.9"," 0","999.9"," 0","  5.8","24"," 19.0","24"," 29.9","999.9","  42.8","*","  37.4","*","99.99"," ","999.9","010000"
"01087799999","2020-03-20","60.6333333","3.7166666","90.0","TROLL A OIL PLATFORM, NO","  39.7","24","  29.4","24","9999.9"," 0","999.9"," 0","  6.2","24"," 15.3","24"," 28.0","999.9","  42.8","*","  37.4","*","99.99"," ","999.9","010000"
"01087799999","2020-03-21","60.6333333","3.7166666","90.0","TROLL A OIL PLATFORM, NO","  39.2","24","  28.1","24","9999.9"," 0","999.9"," 0","  6.2","24"," 12.9","24"," 32.1","999.9","  41.0","*","  37.4","*"," 0.00","I","999.9","000000"
"01087799999","2020-03-22","60.6333333","3.7166666","90.0","TROLL A OIL PLATFORM, NO","  42.0","24","  31.2","24","9999.9"," 0","999.9"," 0","  6.2","24"," 38.5","24"," 47.0"," 48.0","  42.8","*","  41.0","*","99.99"," ","999.9","010000"
"01087799999","2020-03-23","60.6333333","3.7166666","90.0","TROLL A OIL PLATFORM, NO","  42.5","24","  35.2","24","9999.9"," 0","999.9"," 0","  5.6","24"," 53.1","24"," 62.9"," 69.9","  44.6","*","  41.0","*","99.99"," ","999.9","010000"
"01087799999","2020-03-24","60.6333333","3.7166666","90.0","TROLL A OIL PLATFORM, NO","  44.1","24","  39.8","24","9999.9"," 0","999.9"," 0","  2.6","24"," 46.9","24"," 55.9"," 68.0","  46.4","*","  42.8","*","99.99"," ","999.9","010000"
"01087799999","2020-03-25","60.6333333","3.7166666","90.0","TROLL A OIL PLATFORM, NO","  44.2","24","  41.2","24","9999.9"," 0","999.9"," 0","  4.5","24"," 18.9","24"," 42.9"," 49.9","  46.4","*","  41.0","*","99.99"," ","999.9","010000"
"01087799999","2020-03-26","60.6333333","3.7166666","90.0","TROLL A OIL PLATFORM, NO","  45.1","24","  39.4","24","9999.9"," 0","999.9"," 0","  6.2","24","  7.7","24"," 12.0","999.9","  50.0","*","  42.8","*","99.99"," ","999.9","010000"
"01087799999","2020-03-27","60.6333333","3.7166666","90.0","TROLL A OIL PLATFORM, NO","  43.6","24","  35.9","24","9999.9"," 0","999.9"," 0","  6.2","24"," 15.4","24"," 34.0","999.9","  46.4","*","  41.0","*","99.99"," ","999.9","010000"
"01087799999","2020-03-28","60.6333333","3.7166666","90.0","TROLL A OIL PLATFORM, NO","  36.4","24","  24.8","24","9999.9"," 0","999.9"," 0","  5.7","24"," 33.4","24"," 51.1","999.9","  42.8","*","  32.0","*","99.99"," ","999.9","010000"
"01087799999","2020-03-29","60.6333333","3.7166666","90.0","TROLL A OIL PLATFORM, NO","  38.4","24","  28.4","24","9999.9"," 0","999.9"," 0","  6.2","24"," 28.0","24"," 40.0"," 51.1","  42.8","*","  32.0","*","99.99"," ","999.9","011000"
"01087799999","2020-03-30","60.6333333","3.7166666","90.0","TROLL A OIL PLATFORM, NO","  40.7","24","  32.2","24","9999.9"," 0","999.9"," 0","  6.2","24"," 16.5","24"," 35.9","999.9","  42.8","*","  37.4","*"," 0.00","I","999.9","000000"
"01087799999","2020-03-31","60.6333333","3.7166666","90.0","TROLL A OIL PLATFORM, NO","  42.9","24","  37.6","24","9999.9"," 0","999.9"," 0","  6.2","24"," 17.6","24"," 22.9","999.9","  44.6","*","  41.0","*","99.99"," ","999.9","010000"
"01087799999","2020-04-01","60.6333333","3.7166666","90.0","TROLL A OIL PLATFORM, NO","  43.2","24","  37.1","24","9999.9"," 0","999.9"," 0","  5.8","24"," 26.0","24"," 35.9"," 45.1","  44.6","*","  41.0","*","99.99"," ","999.9","010000"
"01087799999","2020-04-02","60.6333333","3.7166666","90.0","TROLL A OIL PLATFORM, NO","  37.9","24","  30.3","24","9999.9"," 0","999.9"," 0","  5.3","24"," 43.4","23"," 61.0"," 74.0","  42.8","*","  33.8","*","99.99"," ","999.9","011000"
"01087799999","2020-04-03","60.6333333","3.7166666","90.0","TROLL A OIL PLATFORM, NO","  34.0","24","  26.5","24","9999.9"," 0","999.9"," 0","  5.5","24"," 18.9","24"," 46.0","999.9","  37.4","*","  32.0","*","99.99"," ","999.9","011000"
"01087799999","2020-04-04","60.6333333","3.7166666","90.0","TROLL A OIL PLATFORM, NO","  38.4","24","  31.2","24","9999.9"," 0","999.9"," 0","  5.9","24"," 16.5","24"," 31.1","999.9","  42.8","*","  32.0","*","99.99"," ","999.9","010000"
"01087799999","2020-04-05","60.6333333","3.7166666","90.0","TROLL A OIL PLATFORM, NO","  44.8","24","  39.4","24","9999.9"," 0","999.9"," 0","  4.9","24"," 36.3","24"," 49.0"," 61.0","  48.2","*","  42.8","*"," 0.00","I","999.9","000000"
"01087799999","2020-04-06","60.6333333","3.7166666","90.0","TROLL A OIL PLATFORM, NO","  46.7","24","  39.5","24","9999.9"," 0","999.9"," 0","  5.0","24"," 39.4","24"," 54.0","999.9","  48.2","*","  44.6","*","99.99"," ","999.9","110000"
"01087799999","2020-04-07","60.6333333","3.7166666","90.0","TROLL A OIL PLATFORM, NO","  45.0","24","  40.1","24","9999.9"," 0","999.9"," 0","  6.2","24"," 25.6","24"," 36.9","999.9","  46.4","*","  44.6","*"," 0.00","I","999.9","000000"
"01087799999","2020-04-08","60.6333333","3.7166666","90.0","TROLL A OIL PLATFORM, NO","  43.1","24","  37.6","24","9999.9"," 0","999.9"," 0","  5.2","24"," 24.1","24"," 36.9","999.9","  46.4","*","  39.2","*","99.99"," ","999.9","011000"
"01087799999","2020-04-09","60.6333333","3.7166666","90.0","TROLL A OIL PLATFORM, NO","  39.6","24","  25.8","24","9999.9"," 0","999.9"," 0","  6.2","24"," 15.9","24"," 28.9","999.9","  41.0","*","  39.2","*","99.99"," ","999.9","010000"
"01087799999","2020-04-10","60.6333333","3.7166666","90.0","TROLL A OIL PLATFORM, NO","  41.7","24","  31.1","24","9999.9"," 0","999.9"," 0","  6.2","24","  8.7","24"," 15.9","999.9","  42.8","*","  39.2","*"," 0.00","I","999.9","000000"
"01087799999","2020-04-11","60.6333333","3.7166666","90.0","TROLL A OIL PLATFORM, NO","  43.5","24","  39.6","24","9999.9"," 0","999.9"," 0","  4.8","24"," 26.4","24"," 38.1","999.9","  46.4","*","  41.0","*","99.99"," ","999.9","110000"
"01087799999","2020-04-12","60.6333333","3.7166666","90.0","TROLL A OIL PLATFORM, NO","  40.1","24","  32.7","24","9999.9"," 0","999.9"," 0","  5.5","24"," 38.6","24"," 53.0"," 56.9","  44.6","*","  33.8","*","99.99"," ","999.9","010000"
"01087799999","2020-04-13","60.6333333","3.7166666","90.0","TROLL A OIL PLATFORM, NO","  37.1","24","  24.0","24","9999.9"," 0","999.9"," 0","  6.2","24"," 33.3","24"," 45.1"," 52.1","  39.2","*","  33.8","*","99.99"," ","999.9","010000"
"01087799999","2020-04-14","60.6333333","3.7166666","90.0","TROLL A OIL PLATFORM, NO","  42.5","24","  38.4","24","9999.9"," 0","999.9"," 0","  4.4","24"," 25.1","24"," 31.1","999.9","  44.6","*","  39.2","*","99.99"," ","999.9","010000"
"01087799999","2020-04-15","60.6333333","3.7166666","90.0","TROLL A OIL PLATFORM, NO","  44.7","24","  41.7","24","9999.9"," 0","999.9"," 0","  4.3","24"," 29.7","24"," 38.1"," 47.0","  46.4","*","  42.8","*","99.99"," ","999.9","010000"
"01087799999","2020-04-16","60.6333333","3.7166666","90.0","TROLL A OIL PLATFORM, NO","  41.3","24","  29.8","24","9999.9"," 0","999.9"," 0","  6.2","24"," 21.1","24"," 28.9","999.9","  42.8","*","  39.2","*","99.99"," ","999.9","010000"
"01087799999","2020-04-17","60.6333333","3.7166666","90.0","TROLL A OIL PLATFORM, NO","  41.1","24","  26.8","24","9999.9"," 0","999.9"," 0","  6.2","24"," 19.8","24"," 27.0","999.9","  42.8","*","  39.2","*"," 0.00","I","999.9","000000"
"01087799999","2020-04-18","60.6333333","3.7166666","90.0","TROLL A OIL PLATFORM, NO","  41.8","24","  32.8","24","9999.9"," 0","999.9"," 0","  6.2","24"," 15.2","24"," 24.1","999.9","  44.6","*","  41.0","*"," 0.00","I","999.9","000000"
"01087799999","2020-04-19","60.6333333","3.7166666","90.0","TROLL A OIL PLATFORM, NO","  47.5","24","  35.4","24","9999.9"," 0","999.9"," 0","  6.2","24","  4.9","24"," 11.1","999.9","  53.6","*","  42.8","*"," 0.00","I","999.9","000000"
"01087799999","2020-04-20","60.6333333","3.7166666","90.0","TROLL A OIL PLATFORM, NO","  44.5","24","  41.1","24","9999.9"," 0","999.9"," 0","  6.0","24","  9.5","24"," 14.0","999.9","  46.4","*","  42.8","*"," 0.00","I","999.9","000000"
"01087799999","2020-04-21","60.6333333","3.7166666","90.0","TROLL A OIL PLATFORM, NO","  49.2","24","  41.0","24","9999.9"," 0","999.9"," 0","  6.2","24","  6.3","24","  9.9","999.9","  57.2","*","  42.8","*"," 0.00","I","999.9","000000"
"01087799999","2020-04-22","60.6333333","3.7166666","90.0","TROLL A OIL PLATFORM, NO","  47.8","24","  38.5","24","9999.9"," 0","999.9"," 0","  5.7","24","  9.5","24"," 13.0","999.9","  53.6","*","  41.0","*","99.99"," ","999.9","110000"
"01087799999","2020-04-23","60.6333333","3.7166666","90.0","TROLL A OIL PLATFORM, NO","  41.7","24","  38.0","24","9999.9"," 0","999.9"," 0","  6.0","24"," 17.0","24"," 26.0","999.9","  42.8","*","  41.0","*","99.99"," ","999.9","010000"
"01087799999","2020-04-24","60.6333333","3.7166666","90.0","TROLL A OIL PLATFORM, NO","  43.5","24","  37.3","24","9999.9"," 0","999.9"," 0","  6.2","24"," 28.6","24"," 33.0","999.9","  44.6","*","  42.8","*"," 0.00","I","999.9","000000"
"01087799999","2020-04-25","60.6333333","3.7166666","90.0","TROLL A OIL PLATFORM, NO","  42.5","24","  36.4","24","9999.9"," 0","999.9"," 0","  6.2","24"," 24.5","24"," 32.1","999.9","  44.6","*","  41.0","*"," 0.00","I","999.9","000000"
"01087799999","2020-04-26","60.6333333","3.7166666","90.0","TROLL A OIL PLATFORM, NO","  42.2","24","  36.7","24","9999.9"," 0","999.9"," 0","  6.2","24","  6.6","24"," 15.9","999.9","  46.4","*","  41.0","*","99.99"," ","999.9","010000"
"01087799999","2020-04-27","60.6333333","3.7166666","90.0","TROLL A OIL PLATFORM, NO","  43.3","24","  38.2","24","9999.9"," 0","999.9"," 0","  6.2","24","  8.7","24"," 18.1","999.9","  44.6","*","  41.0","*","99.99"," ","999.9","010000"
"01087799999","2020-04-28","60.6333333","3.7166666","90.0","TROLL A OIL PLATFORM, NO","  46.1","24","  36.4","24","9999.9"," 0","999.9"," 0","  6.2","24","  5.2","24"," 11.1","999.9","  51.8","*","  42.8","*"," 0.00","I","999.9","000000"
"01087799999","2020-04-29","60.6333333","3.7166666","90.0","TROLL A OIL PLATFORM, NO","  44.4","24","  36.5","24","9999.9"," 0","999.9"," 0","  6.2","24"," 15.2","24"," 28.9","999.9","  46.4","*","  42.8","*","99.99"," ","999.9","010000"
"01087799999","2020-04-30","60.6333333","3.7166666","90.0","TROLL A OIL PLATFORM, NO","  45.4","24","  34.9","24","9999.9"," 0","999.9"," 0","  6.2","24"," 16.6","24"," 28.9","999.9","  50.0","*","  41.0","*","99.99"," ","999.9","010000"
"01087799999","2020-05-01","60.6333333","3.7166666","90.0","TROLL A OIL PLATFORM, NO","  44.9","24","  37.9","24","9999.9"," 0","999.9"," 0","  6.2","24"," 10.9","24"," 18.1","999.9","  48.2","*","  42.8","*","99.99"," ","999.9","010000"
"01087799999","2020-05-02","60.6333333","3.7166666","90.0","TROLL A OIL PLATFORM, NO","  45.5","24","  39.2","24","9999.9"," 0","999.9"," 0","  6.2","24"," 12.4","24"," 18.1","999.9","  48.2","*","  44.6","*","99.99"," ","999.9","010000"
"01087799999","2020-05-03","60.6333333","3.7166666","90.0","TROLL A OIL PLATFORM, NO","  42.9","24","  34.2","24","9999.9"," 0","999.9"," 0","  6.2","24"," 16.6","24"," 22.9","999.9","  44.6","*","  41.0","*","99.99"," ","999.9","010000"
"01087799999","2020-05-04","60.6333333","3.7166666","90.0","TROLL A OIL PLATFORM, NO","  41.0","24","  29.9","24","9999.9"," 0","999.9"," 0","  6.2","24"," 16.0","24"," 26.0","999.9","  42.8","*","  37.4","*","99.99"," ","999.9","010000"
"01087799999","2020-05-05","60.6333333","3.7166666","90.0","TROLL A OIL PLATFORM, NO","  43.3","24","  33.5","24","9999.9"," 0","999.9"," 0","  6.2","24"," 13.8","24"," 20.0","999.9","  46.4","*","  41.0","*"," 0.00","I","999.9","000000"
"01087799999","2020-05-06","60.6333333","3.7166666","90.0","TROLL A OIL PLATFORM, NO","  46.7","24","  41.7","24","9999.9"," 0","999.9"," 0","  6.1","24"," 16.3","24"," 22.0","999.9","  50.0","*","  44.6","*"," 0.00","I","999.9","000000"
"01087799999","2020-05-07","60.6333333","3.7166666","90.0","TROLL A OIL PLATFORM, NO","  45.1","24","  37.9","24","9999.9"," 0","999.9"," 0","  6.1","24"," 11.7","24"," 18.1","999.9","  48.2","*","  42.8","*","99.99"," ","999.9","010000"
"01087799999","2020-05-08","60.6333333","3.7166666","90.0","TROLL A OIL PLATFORM, NO","  44.6","24","  37.0","24","9999.9"," 0","999.9"," 0","  6.2","24"," 14.4","24"," 22.9","999.9","  46.4","*","  42.8","*","99.99"," ","999.9","010000"
"01087799999","2020-05-09","60.6333333","3.7166666","90.0","TROLL A OIL PLATFORM, NO","  42.7","24","  33.5","24","9999.9"," 0","999.9"," 0","  6.0","24"," 15.0","24"," 28.9","999.9","  46.4","*","  35.6","*","99.99"," ","999.9","011000"
"01087799999","2020-05-10","60.6333333","3.7166666","90.0","TROLL A OIL PLATFORM, NO","  36.8","24","  28.8","23","9999.9"," 0","999.9"," 0","  5.4","24"," 32.1","24"," 42.0"," 46.0","  41.0","*","  32.0","*","99.99"," ","999.9","011000"
"01087799999","2020-05-11","60.6333333","3.7166666","90.0","TROLL A OIL PLATFORM, NO","  39.2","24","  29.8","24","9999.9"," 0","999.9"," 0","  6.2","24"," 25.0","24"," 38.1"," 44.1","  41.0","*","  35.6","*","99.99"," ","999.9","010000"
"01087799999","2020-05-12","60.6333333","3.7166666","90.0","TROLL A OIL PLATFORM, NO","  37.9","24","  27.7","24","9999.9"," 0","999.9"," 0","  5.9","24"," 25.5","24"," 35.9"," 49.0","  41.0","*","  35.6","*","99.99"," ","999.9","011000"
"01087799999","2020-05-13","60.6333333","3.7166666","90.0","TROLL A OIL PLATFORM, NO","  37.7","24","  29.1","24","9999.9"," 0","999.9"," 0","  6.2","24"," 16.0","24"," 28.0","999.9","  42.8","*","  33.8","*","99.99"," ","999.9","011000"
"01087799999","2020-05-14","60.6333333","3.7166666","90.0","TROLL A OIL PLATFORM, NO","  40.8","24","  33.6","24","9999.9"," 0","999.9"," 0","  6.2","24"," 10.1","24"," 24.1","999.9","  44.6","*","  37.4","*","99.99"," ","999.9","010000"
"01087799999","2020-05-15","60.6333333","3.7166666","90.0","TROLL A OIL PLATFORM, NO","  40.9","24","  29.7","24","9999.9"," 0","999.9"," 0","  6.2","24"," 18.4","24"," 33.0"," 40.0","  44.6","*","  37.4","*","99.99"," ","999.9","010000"
"01087799999","2020-05-16","60.6333333","3.7166666","90.0","TROLL A OIL PLATFORM, NO","  39.9","24","  32.4","24","9999.9"," 0","999.9"," 0","  5.7","24"," 31.8","24"," 40.0"," 53.0","  42.8","*","  35.6","*","99.99"," ","999.9","011000"
"01087799999","2020-05-17","60.6333333","3.7166666","90.0","TROLL A OIL PLATFORM, NO","  43.8","24","  35.8","24","9999.9"," 0","999.9"," 0","  6.2","24"," 22.5","24"," 29.9"," 36.9","  46.4","*","  41.0","*","99.99"," ","999.9","010000"
"01087799999","2020-05-18","60.6333333","3.7166666","90.0","TROLL A OIL PLATFORM, NO","  44.4","24","  36.0","24","9999.9"," 0","999.9"," 0","  6.2","24","  7.0","24"," 13.0","999.9","  46.4","*","  42.8","*","99.99"," ","999.9","010000"
"01087799999","2020-05-19","60.6333333","3.7166666","90.0","TROLL A OIL PLATFORM, NO","  44.1","24","  33.4","24","9999.9"," 0","999.9"," 0","  6.2","24","  9.4","24"," 14.0","999.9","  46.4","*","  42.8","*","99.99"," ","999.9","010000"
"01087799999","2020-05-20","60.6333333","3.7166666","90.0","TROLL A OIL PLATFORM, NO","  50.4","21","  37.3","21","9999.9"," 0","999.9"," 0","  6.2","21","  7.5","21"," 17.1","999.9","  55.4","*","  44.6","*"," 0.00","I","999.9","000000"
"01087799999","2020-05-21","60.6333333","3.7166666","90.0","TROLL A OIL PLATFORM, NO","  49.2","24","  46.9","24","9999.9"," 0","999.9"," 0","  4.0","24"," 23.8","24"," 28.9","999.9","  50.0","*","  48.2","*","99.99"," ","999.9","110000"
"01087799999","2020-05-22","60.6333333","3.7166666","90.0","TROLL A OIL PLATFORM, NO","  50.6","24","  47.4","24","9999.9"," 0","999.9"," 0","  3.7","24"," 35.5","24"," 53.0","999.9","  55.4","*","  48.2","*","99.99"," ","999.9","110000"
"01087799999","2020-05-23","60.6333333","3.7166666","90.0","TROLL A OIL PLATFORM, NO","  49.0","24","  45.1","24","9999.9"," 0","999.9"," 0","  4.4","24"," 35.3","24"," 42.0","999.9","  50.0","*","  46.4","*","99.99"," ","999.9","010000"
"01087799999","2020-05-24","60.6333333","3.7166666","90.0","TROLL A OIL PLATFORM, NO","  46.7","24","  45.6","24","9999.9"," 0","999.9"," 0","  4.5","24"," 19.6","24"," 27.0","999.9","  48.2","*","  46.4","*","99.99"," ","999.9","110000"
"01087799999","2020-05-25","60.6333333","3.7166666","90.0","TROLL A OIL PLATFORM, NO","  47.8","20","  44.4","20","9999.9"," 0","999.9"," 0","  6.2","20"," 16.4","20"," 28.9","999.9","  48.2","*","  46.4","*"," 0.00","I","999.9","000000"
"01087799999","2020-05-26","60.6333333","3.7166666","90.0","TROLL A OIL PLATFORM, NO","  49.0","24","  46.6","24","9999.9"," 0","999.9"," 0","  4.7","24"," 18.7","24"," 28.9","999.9","  51.8","*","  46.4","*","99.99"," ","999.9","010000"
"01087799999","2020-05-27","60.6333333","3.7166666","90.0","TROLL A OIL PLATFORM, NO","  47.9","24","  45.0","24","9999.9"," 0","999.9"," 0","  5.5","24"," 16.4","24"," 21.0","999.9","  48.2","*","  46.4","*"," 0.00","I","999.9","000000"
"01087799999","2020-05-28","60.6333333","3.7166666","90.0","TROLL A OIL PLATFORM, NO","  50.7","24","  38.6","24","9999.9"," 0","999.9"," 0","  6.2","24","  7.2","24"," 13.0","999.9","  55.4","*","  48.2","*"," 0.00","I","999.9","000000"
"01087799999","2020-05-29","60.6333333","3.7166666","90.0","TROLL A OIL PLATFORM, NO","  53.7","24","  41.1","24","9999.9"," 0","999.9"," 0","  6.2","24","  4.0","24","  7.0","999.9","  60.8","*","  48.2","*"," 0.00","I","999.9","000000"
"01087799999","2020-05-30","60.6333333","3.7166666","90.0","TROLL A OIL PLATFORM, NO","  56.9","24","  39.4","24","9999.9"," 0","999.9"," 0","  6.2","24","  6.6","24"," 17.1","999.9","  62.6","*","  51.8","*","99.99"," ","999.9","010000"
"01087799999","2020-05-31","60.6333333","3.7166666","90.0","TROLL A OIL PLATFORM, NO","  57.9","24","  43.7","24","9999.9"," 0","999.9"," 0","  6.2","24"," 12.4","24"," 22.9","999.9","  62.6","*","  53.6","*","99.99"," ","999.9","010000"
"01087799999","2020-06-01","60.6333333","3.7166666","90.0","TROLL A OIL PLATFORM, NO","  58.4","24","  44.1","24","9999.9"," 0","999.9"," 0","  6.2","24","  7.7","24"," 15.0","999.9","  64.4","*","  51.8","*"," 0.00","I","999.9","000000"
"01087799999","2020-06-02","60.6333333","3.7166666","90.0","TROLL A OIL PLATFORM, NO","  51.6","24","  48.2","24","9999.9"," 0","999.9"," 0","  5.7","24","  9.2","24"," 25.1","999.9","  53.6","*","  50.0","*"," 0.00","I","999.9","100000"
"01087799999","2020-06-03","60.6333333","3.7166666","90.0","TROLL A OIL PLATFORM, NO","  48.1","24","  45.8","24","9999.9"," 0","999.9"," 0","  5.7","24"," 32.9","24"," 42.0","999.9","  50.0","*","  46.4","*","99.99"," ","999.9","010000"
"01087799999","2020-06-04","60.6333333","3.7166666","90.0","TROLL A OIL PLATFORM, NO","  47.2","23","  45.3","23","9999.9"," 0","999.9"," 0","  4.9","23"," 14.6","23"," 32.1","999.9","  53.6","*","  44.6","*","99.99"," ","999.9","010000"
"01087799999","2020-06-05","60.6333333","3.7166666","90.0","TROLL A OIL PLATFORM, NO","  54.1","24","  44.2","24","9999.9"," 0","999.9"," 0","  6.2","24"," 20.6","24"," 34.0","999.9","  60.8","*","  48.2","*","99.99"," ","999.9","010000"
"01087799999","2020-06-06","60.6333333","3.7166666","90.0","TROLL A OIL PLATFORM, NO","  50.5","24","  47.8","24","9999.9"," 0","999.9"," 0","  5.5","24"," 13.6","24"," 29.9","999.9","  51.8","*","  50.0","*"," 0.00","I","999.9","000000"
"01087799999","2020-06-07","60.6333333","3.7166666","90.0","TROLL A OIL PLATFORM, NO","  47.2","24","  40.6","24","9999.9"," 0","999.9"," 0","  6.2","24"," 32.5","24"," 36.9","999.9","  50.0","*","  44.6","*","99.99"," ","999.9","010000"
"01087799999","2020-06-08","60.6333333","3.7166666","90.0","TROLL A OIL PLATFORM, NO","  45.9","21","  37.2","21","9999.9"," 0","999.9"," 0","  6.2","21"," 31.9","21"," 36.9","999.9","  46.4","*","  42.8","*"," 0.00","I","999.9","000000"
"01087799999","2020-06-10","60.6333333","3.7166666","90.0","TROLL A OIL PLATFORM, NO","  50.1","20","  45.5","20","9999.9"," 0","999.9"," 0","  5.9","20","  8.5","19"," 15.9","999.9","  51.8","*","  48.2","*","99.99"," ","999.9","010000"
"01087799999","2020-06-11","60.6333333","3.7166666","90.0","TROLL A OIL PLATFORM, NO","  52.6","24","  48.7","24","9999.9"," 0","999.9"," 0","  6.2","24"," 17.0","24"," 27.0","999.9","  55.4","*","  50.0","*"," 0.00","I","999.9","000000"
"01087799999","2020-06-12","60.6333333","3.7166666","90.0","TROLL A OIL PLATFORM, NO","  63.4","24","  45.0","24","9999.9"," 0","999.9"," 0","  6.2","24"," 13.4","24"," 28.9","999.9","  73.4","*","  51.8","*"," 0.00","I","999.9","000000"
"01087799999","2020-06-13","60.6333333","3.7166666","90.0","TROLL A OIL PLATFORM, NO","  63.6","24","  48.1","24","9999.9"," 0","999.9"," 0","  6.2","24"," 15.0","24"," 28.9","999.9","  68.0","*","  57.2","*","99.99"," ","999.9","010000"
"01087799999","2020-06-14","60.6333333","3.7166666","90.0","TROLL A OIL PLATFORM, NO","  62.1","24","  55.1","24","9999.9"," 0","999.9"," 0","  6.1","24"," 11.9","24"," 24.1","999.9","  69.8","*","  57.2","*","99.99"," ","999.9","010000"
"01087799999","2020-06-15","60.6333333","3.7166666","90.0","TROLL A OIL PLATFORM, NO","  59.2","24","  48.1","24","9999.9"," 0","999.9"," 0","  6.2","24"," 20.4","24"," 28.0","999.9","  62.6","*","  55.4","*"," 0.00","I","999.9","100000"
"01087799999","2020-06-16","60.6333333","3.7166666","90.0","TROLL A OIL PLATFORM, NO","  57.7","24","  53.2","24","9999.9"," 0","999.9"," 0","  4.2","24","  7.7","24"," 15.0","999.9","  68.0","*","  51.8","*","99.99"," ","999.9","110000"
"01087799999","2020-06-17","60.6333333","3.7166666","90.0","TROLL A OIL PLATFORM, NO","  51.0","24","  50.3","24","9999.9"," 0","999.9"," 0","  0.1","24"," 12.3","24"," 15.9","999.9","  51.8","*","  50.0","*","99.99"," ","999.9","110000"
"01087799999","2020-06-18","60.6333333","3.7166666","90.0","TROLL A OIL PLATFORM, NO","  52.5","24","  51.8","24","9999.9"," 0","999.9"," 0","  0.1","24"," 14.8","24"," 20.0","999.9","  55.4","*","  50.0","*","99.99"," ","999.9","110000"
"01087799999","2020-06-19","60.6333333","3.7166666","90.0","TROLL A OIL PLATFORM, NO","  63.0","24","  54.7","24","9999.9"," 0","999.9"," 0","  6.0","24","  7.7","24"," 15.0","999.9","  73.4","*","  55.4","*"," 0.00","I","999.9","000000"
"01087799999","2020-06-20","60.6333333","3.7166666","90.0","TROLL A OIL PLATFORM, NO","  58.9","24","  56.8","24","9999.9"," 0","999.9"," 0","  3.8","24","  8.7","24"," 20.0","999.9","  64.4","*","  57.2","*","99.99"," ","999.9","110000"
"01087799999","2020-06-21","60.6333333","3.7166666","90.0","TROLL A OIL PLATFORM, NO","  58.9","24","  54.9","24","9999.9"," 0","999.9"," 0","  6.1","24"," 14.0","24"," 22.9","999.9","  60.8","*","  55.4","*","99.99"," ","999.9","010000"
"01087799999","2020-06-22","60.6333333","3.7166666","90.0","TROLL A OIL PLATFORM, NO","  57.2","24","  52.7","24","9999.9"," 0","999.9"," 0","  6.0","24"," 16.5","24"," 28.9","999.9","  60.8","*","  55.4","*","99.99"," ","999.9","010000"
"01087799999","2020-06-23","60.6333333","3.7166666","90.0","TROLL A OIL PLATFORM, NO","  57.3","24","  54.4","24","9999.9"," 0","999.9"," 0","  5.6","24"," 24.1","24"," 35.9","999.9","  59.0","*","  57.2","*","99.99"," ","999.9","010000"
"01087799999","2020-06-24","60.6333333","3.7166666","90.0","TROLL A OIL PLATFORM, NO","  59.0","24","  56.2","24","9999.9"," 0","999.9"," 0","  6.2","24"," 24.8","24"," 29.9","999.9","  60.8","*","  57.2","*"," 0.00","I","999.9","000000"
"01087799999","2020-06-25","60.6333333","3.7166666","90.0","TROLL A OIL PLATFORM, NO","  61.5","24","  56.8","24","9999.9"," 0","999.9"," 0","  5.7","24","  9.8","24"," 13.0","999.9","  69.8","*","  57.2","*"," 0.00","I","999.9","000000"
"01087799999","2020-06-26","60.6333333","3.7166666","90.0","TROLL A OIL PLATFORM, NO","  68.0","24","  53.1","24","9999.9"," 0","999.9"," 0","  6.2","24"," 18.6","24"," 24.1","999.9","  77.0","*","  62.6","*"," 0.00","I","999.9","000000"
"01087799999","2020-06-27","60.6333333","3.7166666","90.0","TROLL A OIL PLATFORM, NO","  70.2","24","  57.4","24","9999.9"," 0","999.9"," 0","  5.9","24"," 17.7","24"," 27.0"," 28.9","  77.0","*","  62.6","*","99.99"," ","999.9","010000"
"01087799999","2020-06-28","60.6333333","3.7166666","90.0","TROLL A OIL PLATFORM, NO","  60.6","24","  55.5","24","9999.9"," 0","999.9"," 0","  6.2","24"," 24.5","24"," 31.1","999.9","  64.4","*","  57.2","*","99.99"," ","999.9","010000"
"01087799999","2020-06-29","60.6333333","3.7166666","90.0","TROLL A OIL PLATFORM, NO","  57.5","24","  51.4","24","9999.9"," 0","999.9"," 0","  6.1","24"," 21.3","24"," 31.1","999.9","  59.0","*","  53.6","*","99.99"," ","999.9","010000"
"01087799999","2020-06-30","60.6333333","3.7166666","90.0","TROLL A OIL PLATFORM, NO","  55.6","24","  49.9","24","9999.9"," 0","999.9"," 0","  6.2","24"," 21.2","24"," 36.9","999.9","  57.2","*","  51.8","*","99.99"," ","999.9","010000"
"01087799999","2020-07-01","60.6333333","3.7166666","90.0","TROLL A OIL PLATFORM, NO","  51.3","24","  39.4","24","9999.9"," 0","999.9"," 0","  6.2","24"," 27.4","24"," 32.1","999.9","  53.6","*","  48.2","*"," 0.00","I","999.9","000000"
"01087799999","2020-07-02","60.6333333","3.7166666","90.0","TROLL A OIL PLATFORM, NO","  49.5","24","  39.3","24","9999.9"," 0","999.9"," 0","  6.2","24"," 16.5","24"," 24.1"," 34.0","  51.8","*","  46.4","*","99.99"," ","999.9","010000"
"01087799999","2020-07-03","60.6333333","3.7166666","90.0","TROLL A OIL PLATFORM, NO","  51.4","22","  38.4","22","9999.9"," 0","999.9"," 0","  6.1","22","  9.4","22"," 22.0"," 33.0","  59.0","*","  46.4","*","99.99"," ","999.9","010000"
"01087799999","2020-07-04","60.6333333","3.7166666","90.0","TROLL A OIL PLATFORM, NO","  54.0","24","  38.2","24","9999.9"," 0","999.9"," 0","  6.2","24","  6.8","24"," 12.0","999.9","  57.2","*","  51.8","*","99.99"," ","999.9","010000"
"01087799999","2020-07-05","60.6333333","3.7166666","90.0","TROLL A OIL PLATFORM, NO","  53.5","24","  48.1","24","9999.9"," 0","999.9"," 0","  5.8","24"," 21.2","24"," 35.0","999.9","  55.4","*","  51.8","*","99.99"," ","999.9","010000"
"01087799999","2020-07-06","60.6333333","3.7166666","90.0","TROLL A OIL PLATFORM, NO","  51.3","24","  44.9","24","9999.9"," 0","999.9"," 0","  5.3","24"," 32.5","24"," 49.9","999.9","  53.6","*","  46.4","*","99.99"," ","999.9","010000"
"01087799999","2020-07-07","60.6333333","3.7166666","90.0","TROLL A OIL PLATFORM, NO","  49.6","24","  40.0","24","9999.9"," 0","999.9"," 0","  6.2","24"," 17.9","24"," 22.9","999.9","  53.6","*","  46.4","*","99.99"," ","999.9","010000"
"01087799999","2020-07-08","60.6333333","3.7166666","90.0","TROLL A OIL PLATFORM, NO","  51.8","24","  42.5","24","9999.9"," 0","999.9"," 0","  6.2","24"," 18.7","24"," 25.1","999.9","  53.6","*","  50.0","*","99.99"," ","999.9","010000"
"01087799999","2020-07-09","60.6333333","3.7166666","90.0","TROLL A OIL PLATFORM, NO","  53.5","24","  42.6","24","9999.9"," 0","999.9"," 0","  6.2","24"," 11.7","24"," 15.0","999.9","  55.4","*","  51.8","*"," 0.00","I","999.9","000000"
"01087799999","2020-07-10","60.6333333","3.7166666","90.0","TROLL A OIL PLATFORM, NO","  53.8","24","  44.0","24","9999.9"," 0","999.9"," 0","  6.2","24"," 11.8","24"," 19.0","999.9","  57.2","*","  51.8","*"," 0.00","I","999.9","000000"
"01087799999","2020-07-11","60.6333333","3.7166666","90.0","TROLL A OIL PLATFORM, NO","  51.9","24","  41.7","24","9999.9"," 0","999.9"," 0","  6.0","24"," 16.2","24"," 22.9"," 34.0","  53.6","*","  50.0","*","99.99"," ","999.9","010000"
"01087799999","2020-07-12","60.6333333","3.7166666","90.0","TROLL A OIL PLATFORM, NO","  53.7","24","  48.1","24","9999.9"," 0","999.9"," 0","  5.8","24"," 15.8","24"," 26.0","999.9","  55.4","*","  50.0","*","99.99"," ","999.9","010000"
"01087799999","2020-07-13","60.6333333","3.7166666","90.0","TROLL A OIL PLATFORM, NO","  54.6","24","  51.4","24","9999.9"," 0","999.9"," 0","  5.8","24"," 15.4","24"," 25.1","999.9","  57.2","*","  51.8","*","99.99"," ","999.9","010000"
"01087799999","2020-07-14","60.6333333","3.7166666","90.0","TROLL A OIL PLATFORM, NO","  58.7","24","  51.6","24","9999.9"," 0","999.9"," 0","  6.2","24","  5.5","24"," 13.0","999.9","  64.4","*","  53.6","*"," 0.00","I","999.9","000000"
"01087799999","2020-07-15","60.6333333","3.7166666","90.0","TROLL A OIL PLATFORM, NO","  60.3","24","  51.6","24","9999.9"," 0","999.9"," 0","  6.2","24","  3.3","24"," 11.1","999.9","  68.0","*","  55.4","*"," 0.00","I","999.9","000000"
"01087799999","2020-07-16","60.6333333","3.7166666","90.0","TROLL A OIL PLATFORM, NO","  56.5","24","  52.0","24","9999.9"," 0","999.9"," 0","  5.4","24"," 19.5","24"," 31.1","999.9","  57.2","*","  55.4","*","99.99"," ","999.9","010000"
"01087799999","2020-07-17","60.6333333","3.7166666","90.0","TROLL A OIL PLATFORM, NO","  56.6","24","  52.5","24","9999.9"," 0","999.9"," 0","  4.8","24"," 21.1","24"," 33.0","999.9","  59.0","*","  55.4","*","99.99"," ","999.9","010000"
"01087799999","2020-07-18","60.6333333","3.7166666","90.0","TROLL A OIL PLATFORM, NO","  57.2","24","  51.1","24","9999.9"," 0","999.9"," 0","  6.0","24"," 18.8","24"," 24.1","999.9","  59.0","*","  55.4","*","99.99"," ","999.9","010000"
"01087799999","2020-07-19","60.6333333","3.7166666","90.0","TROLL A OIL PLATFORM, NO","  55.6","24","  48.1","24","9999.9"," 0","999.9"," 0","  6.2","24"," 16.2","24"," 24.1","999.9","  59.0","*","  53.6","*"," 0.00","I","999.9","000000"
"01087799999","2020-07-20","60.6333333","3.7166666","90.0","TROLL A OIL PLATFORM, NO","  54.1","24","  45.4","24","9999.9"," 0","999.9"," 0","  6.2","24"," 14.3","24"," 22.0","999.9","  57.2","*","  51.8","*","99.99"," ","999.9","010000"
"01087799999","2020-07-21","60.6333333","3.7166666","90.0","TROLL A OIL PLATFORM, NO","  52.9","24","  44.6","24","9999.9"," 0","999.9"," 0","  6.2","24"," 13.3","24"," 22.0","999.9","  55.4","*","  50.0","*","99.99"," ","999.9","010000"
"01087799999","2020-07-22","60.6333333","3.7166666","90.0","TROLL A OIL PLATFORM, NO","  54.8","24","  42.7","24","9999.9"," 0","999.9"," 0","  6.2","24","  6.2","24"," 14.0","999.9","  59.0","*","  51.8","*"," 0.00","I","999.9","000000"
"01087799999","2020-07-23","60.6333333","3.7166666","90.0","TROLL A OIL PLATFORM, NO","  55.1","24","  43.5","24","9999.9"," 0","999.9"," 0","  6.2","24","  9.9","24"," 15.9","999.9","  57.2","*","  53.6","*"," 0.00","I","999.9","000000"
"01087799999","2020-07-24","60.6333333","3.7166666","90.0","TROLL A OIL PLATFORM, NO","  56.4","24","  47.5","24","9999.9"," 0","999.9"," 0","  6.2","24"," 15.0","24"," 21.0","999.9","  57.2","*","  55.4","*"," 0.00","I","999.9","000000"
"01087799999","2020-07-25","60.6333333","3.7166666","90.0","TROLL A OIL PLATFORM, NO","  58.9","24","  49.5","24","9999.9"," 0","999.9"," 0","  6.2","24"," 10.4","24"," 17.1","999.9","  64.4","*","  55.4","*"," 0.00","I","999.9","000000"
"01087799999","2020-07-26","60.6333333","3.7166666","90.0","TROLL A OIL PLATFORM, NO","  57.7","24","  56.1","24","9999.9"," 0","999.9"," 0","  4.6","24"," 19.0","24"," 28.0","999.9","  59.0","*","  55.4","*","99.99"," ","999.9","010000"
"01087799999","2020-07-27","60.6333333","3.7166666","90.0","TROLL A OIL PLATFORM, NO","  58.8","24","  54.8","24","9999.9"," 0","999.9"," 0","  5.9","24"," 22.8","24"," 34.0","999.9","  60.8","*","  57.2","*","99.99"," ","999.9","010000"
"01087799999","2020-07-28","60.6333333","3.7166666","90.0","TROLL A OIL PLATFORM, NO","  59.2","24","  52.5","24","9999.9"," 0","999.9"," 0","  6.2","24"," 20.1","24"," 27.0","999.9","  62.6","*","  57.2","*","99.99"," ","999.9","010000"
"01087799999","2020-07-29","60.6333333","3.7166666","90.0","TROLL A OIL PLATFORM, NO","  55.6","24","  52.9","24","9999.9"," 0","999.9"," 0","  5.6","24"," 16.9","24"," 21.0","999.9","  59.0","*","  53.6","*","99.99"," ","999.9","010000"
"01087799999","2020-07-30","60.6333333","3.7166666","90.0","TROLL A OIL PLATFORM, NO","  55.6","24","  53.9","24","9999.9"," 0","999.9"," 0","  4.0","24"," 15.0","24"," 22.9","999.9","  57.2","*","  53.6","*","99.99"," ","999.9","110000"
"01087799999","2020-07-31","60.6333333","3.7166666","90.0","TROLL A OIL PLATFORM, NO","  58.5","24","  54.4","24","9999.9"," 0","999.9"," 0","  5.9","24"," 10.8","24"," 22.0","999.9","  62.6","*","  55.4","*"," 0.00","I","999.9","000000"
"01087799999","2020-08-01","60.6333333","3.7166666","90.0","TROLL A OIL PLATFORM, NO","  60.2","24","  55.7","24","9999.9"," 0","999.9"," 0","  5.3","24"," 23.7","24"," 35.0","999.9","  64.4","*","  55.4","*","99.99"," ","999.9","110000"
"01087799999","2020-08-02","60.6333333","3.7166666","90.0","TROLL A OIL PLATFORM, NO","  55.2","24","  51.2","24","9999.9"," 0","999.9"," 0","  4.9","24"," 14.1","24"," 24.1","999.9","  59.0","*","  53.6","*","99.99"," ","999.9","010000"
"01087799999","2020-08-03","60.6333333","3.7166666","90.0","TROLL A OIL PLATFORM, NO","  54.8","24","  47.8","24","9999.9"," 0","999.9"," 0","  6.2","24"," 16.9","24"," 22.0","999.9","  59.0","*","  51.8","*","99.99"," ","999.9","010000"
"01087799999","2020-08-04","60.6333333","3.7166666","90.0","TROLL A OIL PLATFORM, NO","  56.4","24","  50.4","24","9999.9"," 0","999.9"," 0","  5.9","24"," 24.9","24"," 42.0","999.9","  59.0","*","  53.6","*","99.99"," ","999.9","010000"
"01087799999","2020-08-05","60.6333333","3.7166666","90.0","TROLL A OIL PLATFORM, NO","  56.9","24","  56.3","24","9999.9"," 0","999.9"," 0","  1.4","24"," 24.7","24"," 42.9","999.9","  59.0","*","  53.6","*","99.99"," ","999.9","110000"
"01087799999","2020-08-06","60.6333333","3.7166666","90.0","TROLL A OIL PLATFORM, NO","  58.3","24","  57.7","24","9999.9"," 0","999.9"," 0","  3.2","24"," 15.0","24"," 25.1","999.9","  60.8","*","  55.4","*","99.99"," ","999.9","110000"
"01087799999","2020-08-07","60.6333333","3.7166666","90.0","TROLL A OIL PLATFORM, NO","  59.6","24","  58.2","24","9999.9"," 0","999.9"," 0","  4.6","24"," 27.3","24"," 34.0","999.9","  60.8","*","  59.0","*","99.99"," ","999.9","110000"
"01087799999","2020-08-08","60.6333333","3.7166666","90.0","TROLL A OIL PLATFORM, NO","  57.7","24","  52.0","24","9999.9"," 0","999.9"," 0","  5.5","24"," 14.1","24"," 29.9","999.9","  60.8","*","  55.4","*","99.99"," ","999.9","110000"
"01087799999","2020-08-09","60.6333333","3.7166666","90.0","TROLL A OIL PLATFORM, NO","  55.9","24","  50.4","24","9999.9"," 0","999.9"," 0","  6.2","24"," 16.4","24"," 25.1","999.9","  57.2","*","  55.4","*"," 0.00","I","999.9","000000"
"01087799999","2020-08-10","60.6333333","3.7166666","90.0","TROLL A OIL PLATFORM, NO","  58.1","24","  54.0","24","9999.9"," 0","999.9"," 0","  6.2","24","  9.1","24"," 18.1","999.9","  66.2","*","  55.4","*"," 0.00","I","999.9","000000"
"01087799999","2020-08-11","60.6333333","3.7166666","90.0","TROLL A OIL PLATFORM, NO","  59.8","24","  56.7","24","9999.9"," 0","999.9"," 0","  6.2","24","  4.8","24","  8.9","999.9","  64.4","*","  57.2","*"," 0.00","I","999.9","000000"
"01087799999","2020-08-12","60.6333333","3.7166666","90.0","TROLL A OIL PLATFORM, NO","  67.4","22","  55.0","20","9999.9"," 0","999.9"," 0","  6.2","22","  8.9","22"," 15.9","999.9","  71.6","*","  60.8","*"," 0.00","I","999.9","000000"
"01087799999","2020-08-13","60.6333333","3.7166666","90.0","TROLL A OIL PLATFORM, NO","  61.0","24","  57.5","24","9999.9"," 0","999.9"," 0","  5.8","24"," 10.3","24"," 18.1","999.9","  64.4","*","  57.2","*","99.99"," ","999.9","110000"
"01087799999","2020-08-14","60.6333333","3.7166666","90.0","TROLL A OIL PLATFORM, NO","  54.4","24","  51.4","24","9999.9"," 0","999.9"," 0","  6.2","24"," 10.1","24"," 14.0","999.9","  57.2","*","  53.6","*"," 0.00","I","999.9","000000"
"01087799999","2020-08-15","60.6333333","3.7166666","90.0","TROLL A OIL PLATFORM, NO","  57.0","24","  53.5","24","9999.9"," 0","999.9"," 0","  4.8","24"," 10.2","24"," 22.0","999.9","  60.8","*","  53.6","*"," 0.00","I","999.9","100000"
"01087799999","2020-08-16","60.6333333","3.7166666","90.0","TROLL A OIL PLATFORM, NO","  58.3","24","  57.0","24","9999.9"," 0","999.9"," 0","  4.1","24"," 23.1","24"," 27.0","999.9","  59.0","*","  57.2","*","99.99"," ","999.9","110000"
"01087799999","2020-08-17","60.6333333","3.7166666","90.0","TROLL A OIL PLATFORM, NO","  60.4","24","  58.0","24","9999.9"," 0","999.9"," 0","  3.2","24","  5.5","24","  8.9","999.9","  68.0","*","  57.2","*"," 0.00","I","999.9","100000"
"01087799999","2020-08-18","60.6333333","3.7166666","90.0","TROLL A OIL PLATFORM, NO","  68.2","24","  57.3","24","9999.9"," 0","999.9"," 0","  5.2","24","  9.0","24"," 15.9","999.9","  75.2","*","  59.0","*","99.99"," ","999.9","110000"
"01087799999","2020-08-19","60.6333333","3.7166666","90.0","TROLL A OIL PLATFORM, NO","  62.0","24","  58.9","24","9999.9"," 0","999.9"," 0","  4.9","24"," 10.7","24"," 18.1","999.9","  66.2","*","  59.0","*","99.99"," ","999.9","110000"
"01087799999","2020-08-20","60.6333333","3.7166666","90.0","TROLL A OIL PLATFORM, NO","  63.2","24","  59.7","24","9999.9"," 0","999.9"," 0","  5.6","24"," 21.5","24"," 34.0","999.9","  66.2","*","  60.8","*","99.99"," ","999.9","010000"
"01087799999","2020-08-21","60.6333333","3.7166666","90.0","TROLL A OIL PLATFORM, NO","  61.9","24","  58.8","24","9999.9"," 0","999.9"," 0","  5.3","24"," 28.4","24"," 48.0","999.9","  66.2","*","  59.0","*","99.99"," ","999.9","010000"
"01087799999","2020-08-22","60.6333333","3.7166666","90.0","TROLL A OIL PLATFORM, NO","  58.6","24","  55.9","24","9999.9"," 0","999.9"," 0","  5.4","24"," 24.1","24"," 34.0","999.9","  60.8","*","  55.4","*","99.99"," ","999.9","010000"
"01087799999","2020-08-23","60.6333333","3.7166666","90.0","TROLL A OIL PLATFORM, NO","  53.4","24","  45.7","24","9999.9"," 0","999.9"," 0","  5.8","24"," 17.9","24"," 28.9","999.9","  55.4","*","  50.0","*","99.99"," ","999.9","010000"
"01087799999","2020-08-24","60.6333333","3.7166666","90.0","TROLL A OIL PLATFORM, NO","  52.0","24","  41.3","24","9999.9"," 0","999.9"," 0","  6.2","24"," 15.6","24"," 21.0","999.9","  53.6","*","  50.0","*","99.99"," ","999.9","010000"
"01087799999","2020-08-25","60.6333333","3.7166666","90.0","TROLL A OIL PLATFORM, NO","  53.6","24","  43.4","24","9999.9"," 0","999.9"," 0","  6.2","24","  8.7","24"," 21.0","999.9","  59.0","*","  50.0","*","99.99"," ","999.9","010000"
"01087799999","2020-08-26","60.6333333","3.7166666","90.0","TROLL A OIL PLATFORM, NO","  55.3","24","  45.2","24","9999.9"," 0","999.9"," 0","  6.2","24"," 27.0","24"," 32.1","999.9","  57.2","*","  53.6","*"," 0.00","I","999.9","000000"
"01087799999","2020-08-27","60.6333333","3.7166666","90.0","TROLL A OIL PLATFORM, NO","  54.7","24","  45.9","24","9999.9"," 0","999.9"," 0","  6.2","24"," 19.2","24"," 25.1","999.9","  55.4","*","  53.6","*"," 0.00","I","999.9","000000"
"01087799999","2020-08-28","60.6333333","3.7166666","90.0","TROLL A OIL PLATFORM, NO","  56.7","24","  50.4","24","9999.9"," 0","999.9"," 0","  6.2","24"," 13.3","24"," 32.1","999.9","  59.0","*","  53.6","*"," 0.00","I","999.9","000000"
"01087799999","2020-08-29","60.6333333","3.7166666","90.0","TROLL A OIL PLATFORM, NO","  54.9","24","  46.8","24","9999.9"," 0","999.9"," 0","  6.2","24"," 27.7","24"," 34.0","999.9","  57.2","*","  51.8","*"," 0.00","I","999.9","000000"
"01087799999","2020-08-30","60.6333333","3.7166666","90.0","TROLL A OIL PLATFORM, NO","  53.1","24","  41.3","24","9999.9"," 0","999.9"," 0","  6.2","24"," 27.5","24"," 33.0","999.9","  53.6","*","  51.8","*"," 0.00","I","999.9","000000"
"01087799999","2020-08-31","60.6333333","3.7166666","90.0","TROLL A OIL PLATFORM, NO","  54.4","24","  42.9","24","9999.9"," 0","999.9"," 0","  6.2","24"," 13.1","24"," 22.0","999.9","  55.4","*","  53.6","*"," 0.00","I","999.9","000000"
"01087799999","2020-09-01","60.6333333","3.7166666","90.0","TROLL A OIL PLATFORM, NO","  54.9","24","  45.7","24","9999.9"," 0","999.9"," 0","  6.2","24"," 18.3","24"," 28.0","999.9","  59.0","*","  51.8","*"," 0.00","I","999.9","000000"
"01087799999","2020-09-02","60.6333333","3.7166666","90.0","TROLL A OIL PLATFORM, NO","  59.4","24","  53.7","24","9999.9"," 0","999.9"," 0","  6.2","24"," 36.0","24"," 47.0","999.9","  60.8","*","  57.2","*"," 0.00","I","999.9","000000"
"01087799999","2020-09-03","60.6333333","3.7166666","90.0","TROLL A OIL PLATFORM, NO","  56.7","24","  54.1","24","9999.9"," 0","999.9"," 0","  3.9","24"," 36.7","24"," 51.1"," 55.9","  59.0","*","  55.4","*","99.99"," ","999.9","110000"
"01087799999","2020-09-04","60.6333333","3.7166666","90.0","TROLL A OIL PLATFORM, NO","  55.6","24","  49.9","24","9999.9"," 0","999.9"," 0","  6.2","24"," 26.1","24"," 29.9","999.9","  57.2","*","  51.8","*","99.99"," ","999.9","010000"
"01087799999","2020-09-05","60.6333333","3.7166666","90.0","TROLL A OIL PLATFORM, NO","  52.2","24","  46.0","24","9999.9"," 0","999.9"," 0","  5.9","24"," 23.1","24"," 32.1","999.9","  53.6","*","  50.0","*","99.99"," ","999.9","010000"
"01087799999","2020-09-06","60.6333333","3.7166666","90.0","TROLL A OIL PLATFORM, NO","  52.5","24","  47.6","24","9999.9"," 0","999.9"," 0","  6.0","24"," 22.5","24"," 31.1","999.9","  53.6","*","  51.8","*","99.99"," ","999.9","010000"
"01087799999","2020-09-07","60.6333333","3.7166666","90.0","TROLL A OIL PLATFORM, NO","  53.6","24","  48.1","24","9999.9"," 0","999.9"," 0","  4.6","24"," 29.8","24"," 49.0","999.9","  55.4","*","  50.0","*","99.99"," ","999.9","010000"
"01087799999","2020-09-08","60.6333333","3.7166666","90.0","TROLL A OIL PLATFORM, NO","  54.7","24","  50.3","24","9999.9"," 0","999.9"," 0","  6.2","24"," 24.6","24"," 35.0","999.9","  55.4","*","  51.8","*","99.99"," ","999.9","010000"
"01087799999","2020-09-09","60.6333333","3.7166666","90.0","TROLL A OIL PLATFORM, NO","  51.8","24","  46.8","24","9999.9"," 0","999.9"," 0","  6.2","24"," 20.6","24"," 28.9"," 31.1","  55.4","*","  48.2","*","99.99"," ","999.9","010000"
"01087799999","2020-09-10","60.6333333","3.7166666","90.0","TROLL A OIL PLATFORM, NO","  50.2","24","  39.9","24","9999.9"," 0","999.9"," 0","  6.2","24"," 20.5","24"," 29.9","999.9","  57.2","*","  46.4","*","99.99"," ","999.9","010000"
"01087799999","2020-09-11","60.6333333","3.7166666","90.0","TROLL A OIL PLATFORM, NO","  53.9","24","  49.6","24","9999.9"," 0","999.9"," 0","  4.9","24"," 33.2","24"," 44.1","999.9","  55.4","*","  53.6","*","99.99"," ","999.9","010000"
"01087799999","2020-09-12","60.6333333","3.7166666","90.0","TROLL A OIL PLATFORM, NO","  52.8","21","  44.5","21","9999.9"," 0","999.9"," 0","  6.2","21"," 31.2","21"," 41.0"," 44.1","  53.6","*","  50.0","*","99.99"," ","999.9","010000"
"01087799999","2020-09-13","60.6333333","3.7166666","90.0","TROLL A OIL PLATFORM, NO","  53.1","24","  49.0","24","9999.9"," 0","999.9"," 0","  5.3","24"," 12.7","24"," 29.9","999.9","  57.2","*","  50.0","*","99.99"," ","999.9","110000"
"01087799999","2020-09-14","60.6333333","3.7166666","90.0","TROLL A OIL PLATFORM, NO","  54.8","24","  54.3","24","9999.9"," 0","999.9"," 0","  2.5","24"," 14.5","24"," 22.9","999.9","  57.2","*","  51.8","*","99.99"," ","999.9","110000"
"01087799999","2020-09-15","60.6333333","3.7166666","90.0","TROLL A OIL PLATFORM, NO","  54.6","24","  54.2","24","9999.9"," 0","999.9"," 0","  0.8","24"," 19.6","24"," 42.0","999.9","  55.4","*","  51.8","*","99.99"," ","999.9","110000"
"01087799999","2020-09-16","60.6333333","3.7166666","90.0","TROLL A OIL PLATFORM, NO","  51.7","24","  42.0","24","9999.9"," 0","999.9"," 0","  6.2","24"," 32.3","24"," 44.1","999.9","  53.6","*","  50.0","*"," 0.00","I","999.9","000000"
"01087799999","2020-09-17","60.6333333","3.7166666","90.0","TROLL A OIL PLATFORM, NO","  52.7","24","  46.1","24","9999.9"," 0","999.9"," 0","  6.1","24"," 15.3","24"," 24.1","999.9","  55.4","*","  51.8","*","99.99"," ","999.9","010000"
"01087799999","2020-09-18","60.6333333","3.7166666","90.0","TROLL A OIL PLATFORM, NO","  53.2","24","  52.6","24","9999.9"," 0","999.9"," 0","  3.5","24"," 15.0","24"," 25.1","999.9","  53.6","*","  51.8","*","99.99"," ","999.9","110000"
"01087799999","2020-09-19","60.6333333","3.7166666","90.0","TROLL A OIL PLATFORM, NO","  53.4","24","  47.8","24","9999.9"," 0","999.9"," 0","  6.2","24","  5.3","24"," 12.0","999.9","  60.8","*","  51.8","*"," 0.00","I","999.9","000000"
"01087799999","2020-09-20","60.6333333","3.7166666","90.0","TROLL A OIL PLATFORM, NO","  53.4","24","  52.7","24","9999.9"," 0","999.9"," 0","  2.2","24"," 17.4","24"," 26.0","999.9","  53.6","*","  51.8","*","99.99"," ","999.9","110000"
"01087799999","2020-09-21","60.6333333","3.7166666","90.0","TROLL A OIL PLATFORM, NO","  53.4","24","  51.4","24","9999.9"," 0","999.9"," 0","  4.2","24"," 27.1","24"," 35.0","999.9","  53.6","*","  51.8","*","99.99"," ","999.9","110000"
"01087799999","2020-09-22","60.6333333","3.7166666","90.0","TROLL A OIL PLATFORM, NO","  53.7","24","  52.0","24","9999.9"," 0","999.9"," 0","  4.8","24"," 30.9","24"," 42.0","999.9","  55.4","*","  51.8","*","99.99"," ","999.9","010000"
"01087799999","2020-09-23","60.6333333","3.7166666","90.0","TROLL A OIL PLATFORM, NO","  50.5","24","  42.5","24","9999.9"," 0","999.9"," 0","  5.5","24"," 22.6","24"," 33.0","999.9","  53.6","*","  48.2","*","99.99"," ","999.9","010000"
"01087799999","2020-09-24","60.6333333","3.7166666","90.0","TROLL A OIL PLATFORM, NO","  48.9","24","  43.3","24","9999.9"," 0","999.9"," 0","  5.3","24"," 28.8","24"," 35.0"," 41.0","  50.0","*","  46.4","*","99.99"," ","999.9","010000"
"01087799999","2020-09-25","60.6333333","3.7166666","90.0","TROLL A OIL PLATFORM, NO","  51.0","24","  40.7","24","9999.9"," 0","999.9"," 0","  6.2","24"," 30.7","24"," 39.0","999.9","  53.6","*","  48.2","*"," 0.00","I","999.9","000000"
"01087799999","2020-09-26","60.6333333","3.7166666","90.0","TROLL A OIL PLATFORM, NO","  52.2","24","  42.7","24","9999.9"," 0","999.9"," 0","  6.2","24"," 38.5","24"," 48.0","999.9","  53.6","*","  50.0","*"," 0.00","I","999.9","000000"
"01087799999","2020-09-27","60.6333333","3.7166666","90.0","TROLL A OIL PLATFORM, NO","  56.3","24","  48.1","24","9999.9"," 0","999.9"," 0","  6.2","24","  8.5","24"," 22.9","999.9","  60.8","*","  53.6","*"," 0.00","I","999.9","000000"
"01087799999","2020-09-28","60.6333333","3.7166666","90.0","TROLL A OIL PLATFORM, NO","  55.0","24","  51.7","24","9999.9"," 0","999.9"," 0","  5.0","24"," 14.1","24"," 25.1","999.9","  57.2","*","  50.0","*","99.99"," ","999.9","010000"
"01087799999","2020-09-29","60.6333333","3.7166666","90.0","TROLL A OIL PLATFORM, NO","  52.6","24","  50.6","24","9999.9"," 0","999.9"," 0","  5.6","24","  6.2","24","  9.9","999.9","  53.6","*","  51.8","*","99.99"," ","999.9","010000"
"01087799999","2020-09-30","60.6333333","3.7166666","90.0","TROLL A OIL PLATFORM, NO","  54.5","24","  50.5","24","9999.9"," 0","999.9"," 0","  5.7","24"," 22.3","24"," 41.0","999.9","  57.2","*","  50.0","*","99.99"," ","999.9","110000"
"01087799999","2020-10-01","60.6333333","3.7166666","90.0","TROLL A OIL PLATFORM, NO","  58.5","24","  49.0","24","9999.9"," 0","999.9"," 0","  6.1","24"," 28.5","24"," 40.0"," 49.0","  60.8","*","  57.2","*","99.99"," ","999.9","010000"
"01087799999","2020-10-02","60.6333333","3.7166666","90.0","TROLL A OIL PLATFORM, NO","  59.8","24","  45.9","24","9999.9"," 0","999.9"," 0","  6.2","24"," 23.4","24"," 28.9","999.9","  62.6","*","  55.4","*"," 0.00","I","999.9","000000"
"01087799999","2020-10-03","60.6333333","3.7166666","90.0","TROLL A OIL PLATFORM, NO","  61.3","24","  44.7","24","9999.9"," 0","999.9"," 0","  6.2","24"," 23.3","24"," 33.0","999.9","  64.4","*","  59.0","*"," 0.00","I","999.9","000000"
"01087799999","2020-10-04","60.6333333","3.7166666","90.0","TROLL A OIL PLATFORM, NO","  60.0","24","  48.6","24","9999.9"," 0","999.9"," 0","  6.2","24"," 20.2","24"," 29.9","999.9","  66.2","*","  55.4","*","99.99"," ","999.9","010000"
"01087799999","2020-10-05","60.6333333","3.7166666","90.0","TROLL A OIL PLATFORM, NO","  57.4","24","  49.8","24","9999.9"," 0","999.9"," 0","  6.2","24"," 16.3","24"," 24.1","999.9","  60.8","*","  55.4","*","99.99"," ","999.9","010000"
"01087799999","2020-10-06","60.6333333","3.7166666","90.0","TROLL A OIL PLATFORM, NO","  57.6","24","  44.3","24","9999.9"," 0","999.9"," 0","  6.2","24"," 12.5","24"," 21.0","999.9","  62.6","*","  55.4","*","99.99"," ","999.9","010000"
"01087799999","2020-10-07","60.6333333","3.7166666","90.0","TROLL A OIL PLATFORM, NO","  54.1","24","  50.4","24","9999.9"," 0","999.9"," 0","  6.2","24"," 11.1","24"," 20.0","999.9","  57.2","*","  51.8","*","99.99"," ","999.9","010000"
"01087799999","2020-10-08","60.6333333","3.7166666","90.0","TROLL A OIL PLATFORM, NO","  49.5","24","  45.7","24","9999.9"," 0","999.9"," 0","  5.8","24"," 14.5","24"," 39.0","999.9","  53.6","*","  44.6","*","99.99"," ","999.9","010000"
"01087799999","2020-10-09","60.6333333","3.7166666","90.0","TROLL A OIL PLATFORM, NO","  48.1","24","  39.8","24","9999.9"," 0","999.9"," 0","  6.2","24"," 13.4","24"," 26.0","999.9","  50.0","*","  44.6","*","99.99"," ","999.9","010000"
"01087799999","2020-10-10","60.6333333","3.7166666","90.0","TROLL A OIL PLATFORM, NO","  50.9","24","  42.9","24","9999.9"," 0","999.9"," 0","  6.2","24"," 25.9","24"," 35.9","999.9","  51.8","*","  50.0","*"," 0.00","I","999.9","000000"
"01087799999","2020-10-11","60.6333333","3.7166666","90.0","TROLL A OIL PLATFORM, NO","  50.3","24","  42.5","24","9999.9"," 0","999.9"," 0","  6.2","24"," 29.6","24"," 39.0","999.9","  51.8","*","  48.2","*"," 0.00","I","999.9","000000"
"01087799999","2020-10-12","60.6333333","3.7166666","90.0","TROLL A OIL PLATFORM, NO","  48.0","24","  39.7","24","9999.9"," 0","999.9"," 0","  6.2","24"," 12.2","24"," 24.1","999.9","  50.0","*","  46.4","*"," 0.00","I","999.9","000000"
"01087799999","2020-10-13","60.6333333","3.7166666","90.0","TROLL A OIL PLATFORM, NO","  51.3","24","  42.6","24","9999.9"," 0","999.9"," 0","  6.2","24"," 15.1","24"," 18.1","999.9","  53.6","*","  50.0","*"," 0.00","I","999.9","000000"
"01087799999","2020-10-14","60.6333333","3.7166666","90.0","TROLL A OIL PLATFORM, NO","  50.4","24","  41.7","24","9999.9"," 0","999.9"," 0","  6.2","24"," 23.2","24"," 34.0","999.9","  51.8","*","  50.0","*"," 0.00","I","999.9","000000"
"01087799999","2020-10-15","60.6333333","3.7166666","90.0","TROLL A OIL PLATFORM, NO","  50.5","24","  43.2","24","9999.9"," 0","999.9"," 0","  6.2","24"," 13.9","24"," 32.1","999.9","  53.6","*","  48.2","*"," 0.00","I","999.9","000000"
"01087799999","2020-10-16","60.6333333","3.7166666","90.0","TROLL A OIL PLATFORM, NO","  49.5","24","  45.2","24","9999.9"," 0","999.9"," 0","  6.2","24"," 29.3","24"," 35.0","999.9","  51.8","*","  48.2","*"," 0.00","I","999.9","000000"
"01087799999","2020-10-17","60.6333333","3.7166666","90.0","TROLL A OIL PLATFORM, NO","  46.2","24","  38.1","24","9999.9"," 0","999.9"," 0","  5.9","24"," 26.2","24"," 38.1"," 47.0","  48.2","*","  44.6","*"," 0.00","I","999.9","000000"
"01087799999","2020-10-18","60.6333333","3.7166666","90.0","TROLL A OIL PLATFORM, NO","  44.6","24","  32.2","24","9999.9"," 0","999.9"," 0","  6.2","24"," 23.4","24"," 35.0","999.9","  46.4","*","  42.8","*","99.99"," ","999.9","010000"
"01087799999","2020-10-19","60.6333333","3.7166666","90.0","TROLL A OIL PLATFORM, NO","  44.8","24","  33.5","24","9999.9"," 0","999.9"," 0","  6.2","24"," 10.6","24"," 27.0","999.9","  46.4","*","  42.8","*","99.99"," ","999.9","010000"
"01087799999","2020-10-20","60.6333333","3.7166666","90.0","TROLL A OIL PLATFORM, NO","  49.1","24","  46.8","24","9999.9"," 0","999.9"," 0","  4.3","24"," 24.9","24"," 44.1","999.9","  51.8","*","  42.8","*","99.99"," ","999.9","010000"
"01087799999","2020-10-21","60.6333333","3.7166666","90.0","TROLL A OIL PLATFORM, NO","  50.7","24","  48.1","24","9999.9"," 0","999.9"," 0","  6.0","24"," 12.2","24"," 22.9","999.9","  53.6","*","  50.0","*","99.99"," ","999.9","010000"
"01087799999","2020-10-22","60.6333333","3.7166666","90.0","TROLL A OIL PLATFORM, NO","  47.4","24","  38.1","24","9999.9"," 0","999.9"," 0","  6.2","24"," 28.2","24"," 35.0","999.9","  48.2","*","  46.4","*"," 0.00","I","999.9","000000"
"01087799999","2020-10-23","60.6333333","3.7166666","90.0","TROLL A OIL PLATFORM, NO","  47.5","24","  36.8","24","9999.9"," 0","999.9"," 0","  5.9","24"," 18.7","24"," 29.9","999.9","  50.0","*","  44.6","*","99.99"," ","999.9","010000"
"01087799999","2020-10-24","60.6333333","3.7166666","90.0","TROLL A OIL PLATFORM, NO","  50.2","24","  44.4","24","9999.9"," 0","999.9"," 0","  5.5","24"," 28.5","24"," 49.9"," 56.9","  51.8","*","  48.2","*","99.99"," ","999.9","010000"
"01087799999","2020-10-25","60.6333333","3.7166666","90.0","TROLL A OIL PLATFORM, NO","  49.5","24","  43.2","24","9999.9"," 0","999.9"," 0","  5.4","24"," 23.8","24"," 41.0"," 51.1","  51.8","*","  46.4","*","99.99"," ","999.9","010000"
"01087799999","2020-10-26","60.6333333","3.7166666","90.0","TROLL A OIL PLATFORM, NO","  50.6","24","  44.0","24","9999.9"," 0","999.9"," 0","  5.9","24"," 28.3","24"," 36.9"," 46.0","  53.6","*","  48.2","*","99.99"," ","999.9","010000"
"01087799999","2020-10-27","60.6333333","3.7166666","90.0","TROLL A OIL PLATFORM, NO","  49.7","24","  43.8","24","9999.9"," 0","999.9"," 0","  6.1","24"," 16.0","24"," 21.0","999.9","  51.8","*","  48.2","*","99.99"," ","999.9","010000"
"01087799999","2020-10-28","60.6333333","3.7166666","90.0","TROLL A OIL PLATFORM, NO","  48.4","24","  43.2","24","9999.9"," 0","999.9"," 0","  5.6","24"," 31.3","24"," 49.0"," 56.9","  50.0","*","  46.4","*","99.99"," ","999.9","010000"
"01087799999","2020-10-29","60.6333333","3.7166666","90.0","TROLL A OIL PLATFORM, NO","  50.6","24","  45.1","24","9999.9"," 0","999.9"," 0","  6.2","24"," 12.3","24"," 24.1","999.9","  57.2","*","  48.2","*","99.99"," ","999.9","010000"
"01087799999","2020-10-30","60.6333333","3.7166666","90.0","TROLL A OIL PLATFORM, NO","  49.8","24","  44.2","24","9999.9"," 0","999.9"," 0","  5.6","24"," 29.3","24"," 49.0","999.9","  51.8","*","  48.2","*","99.99"," ","999.9","010000"
"01087799999","2020-10-31","60.6333333","3.7166666","90.0","TROLL A OIL PLATFORM, NO","  50.7","24","  43.2","24","9999.9"," 0","999.9"," 0","  5.5","24"," 36.0","24"," 61.0"," 74.0","  53.6","*","  48.2","*","99.99"," ","999.9","010000"
"01087799999","2020-11-01","60.6333333","3.7166666","90.0","TROLL A OIL PLATFORM, NO","  50.2","24","  45.0","24","9999.9"," 0","999.9"," 0","  4.6","24"," 41.0","24"," 54.0"," 61.0","  51.8","*","  48.2","*","99.99"," ","999.9","010000"
"01087799999","2020-11-02","60.6333333","3.7166666","90.0","TROLL A OIL PLATFORM, NO","  49.4","24","  43.0","24","9999.9"," 0","999.9"," 0","  5.8","24"," 27.2","24"," 49.9","999.9","  53.6","*","  48.2","*","99.99"," ","999.9","010000"
"01087799999","2020-11-03","60.6333333","3.7166666","90.0","TROLL A OIL PLATFORM, NO","  48.3","24","  40.0","24","9999.9"," 0","999.9"," 0","  6.1","24"," 23.4","24"," 29.9","999.9","  50.0","*","  46.4","*","99.99"," ","999.9","010000"
"01087799999","2020-11-04","60.6333333","3.7166666","90.0","TROLL A OIL PLATFORM, NO","  46.3","24","  39.3","24","9999.9"," 0","999.9"," 0","  5.3","24"," 28.2","23"," 41.0","999.9","  48.2","*","  44.6","*","99.99"," ","999.9","010000"
"01087799999","2020-11-05","60.6333333","3.7166666","90.0","TROLL A OIL PLATFORM, NO","  49.9","24","  49.5","24","9999.9"," 0","999.9"," 0","  2.2","24"," 28.0","24"," 38.1","999.9","  50.0","*","  48.2","*","99.99"," ","999.9","110000"
"01087799999","2020-11-06","60.6333333","3.7166666","90.0","TROLL A OIL PLATFORM, NO","  50.1","24","  46.0","24","9999.9"," 0","999.9"," 0","  6.2","24"," 19.4","24"," 24.1","999.9","  55.4","*","  48.2","*","99.99"," ","999.9","010000"
"01087799999","2020-11-07","60.6333333","3.7166666","90.0","TROLL A OIL PLATFORM, NO","  48.6","24","  46.3","24","9999.9"," 0","999.9"," 0","  5.2","24"," 13.9","24"," 24.1","999.9","  50.0","*","  48.2","*","99.99"," ","999.9","110000"
"01087799999","2020-11-08","60.6333333","3.7166666","90.0","TROLL A OIL PLATFORM, NO","  48.9","24","  43.7","24","9999.9"," 0","999.9"," 0","  6.2","24","  8.9","24"," 17.1","999.9","  50.0","*","  46.4","*"," 0.00","I","999.9","000000"
"01087799999","2020-11-09","60.6333333","3.7166666","90.0","TROLL A OIL PLATFORM, NO","  50.0","24","  47.1","24","9999.9"," 0","999.9"," 0","  5.3","24"," 26.3","24"," 35.0","999.9","  51.8","*","9999.9"," ","99.99"," ","999.9","010000"
"01087799999","2020-11-10","60.6333333","3.7166666","90.0","TROLL A OIL PLATFORM, NO","  50.0","24","  47.8","24","9999.9"," 0","999.9"," 0","  4.6","24"," 29.9","24"," 38.1","999.9","9999.9"," ","9999.9"," ","99.99"," ","999.9","010000"
"01087799999","2020-11-11","60.6333333","3.7166666","90.0","TROLL A OIL PLATFORM, NO","  50.0","24","  48.0","24","9999.9"," 0","999.9"," 0","  3.8","24"," 41.3","24"," 47.0"," 48.0","9999.9"," ","9999.9"," ","99.99"," ","999.9","010000"
"01087799999","2020-11-12","60.6333333","3.7166666","90.0","TROLL A OIL PLATFORM, NO","  50.7","24","  46.1","24","9999.9"," 0","999.9"," 0","  5.7","24"," 42.9","24"," 47.0"," 55.0","  51.8","*","  50.0","*","99.99"," ","999.9","010000"
"01087799999","2020-11-13","60.6333333","3.7166666","90.0","TROLL A OIL PLATFORM, NO","  49.1","24","  45.1","24","9999.9"," 0","999.9"," 0","  4.8","24"," 39.4","24"," 51.1"," 62.0","  50.0","*","  46.4","*","99.99"," ","999.9","010000"
"01087799999","2020-11-14","60.6333333","3.7166666","90.0","TROLL A OIL PLATFORM, NO","  48.7","24","  44.5","24","9999.9"," 0","999.9"," 0","  5.4","24"," 32.2","24"," 40.0","999.9","  50.0","*","  48.2","*","99.99"," ","999.9","010000"
"01087799999","2020-11-15","60.6333333","3.7166666","90.0","TROLL A OIL PLATFORM, NO","  51.4","24","  49.0","24","9999.9"," 0","999.9"," 0","  4.1","24"," 34.2","24"," 42.9","999.9","  51.8","*","  48.2","*","99.99"," ","999.9","010000"
"01087799999","2020-11-16","60.6333333","3.7166666","90.0","TROLL A OIL PLATFORM, NO","  48.5","23","  42.7","23","9999.9"," 0","999.9"," 0","  5.8","23"," 28.2","23"," 35.9"," 39.0","  50.0","*","  46.4","*","99.99"," ","999.9","010000"
"01087799999","2020-11-17","60.6333333","3.7166666","90.0","TROLL A OIL PLATFORM, NO","  48.9","24","  46.2","24","9999.9"," 0","999.9"," 0","  4.7","24"," 23.1","24"," 33.0"," 38.1","  50.0","*","  46.4","*","99.99"," ","999.9","010000"
"01087799999","2020-11-18","60.6333333","3.7166666","90.0","TROLL A OIL PLATFORM, NO","  48.1","24","  47.3","24","9999.9"," 0","999.9"," 0","  2.8","24"," 26.7","24"," 62.9"," 76.9","  50.0","*","  41.0","*","99.99"," ","999.9","010000"
"01087799999","2020-11-19","60.6333333","3.7166666","90.0","TROLL A OIL PLATFORM, NO","  38.2","24","  26.1","24","9999.9"," 0","999.9"," 0","  5.8","24"," 44.0","24"," 61.0"," 75.0","  41.0","*","  33.8","*","99.99"," ","999.9","011000"
"01087799999","2020-11-20","60.6333333","3.7166666","90.0","TROLL A OIL PLATFORM, NO","  41.6","24","  30.3","24","9999.9"," 0","999.9"," 0","  5.1","24"," 29.0","24"," 59.1"," 69.9","  50.0","*","  39.2","*","99.99"," ","999.9","010000"
"01087799999","2020-11-21","60.6333333","3.7166666","90.0","TROLL A OIL PLATFORM, NO","  47.9","24","  38.5","24","9999.9"," 0","999.9"," 0","  5.6","24"," 43.4","24"," 56.9"," 65.1","  51.8","*","  42.8","*","99.99"," ","999.9","010000"
"01087799999","2020-11-22","60.6333333","3.7166666","90.0","TROLL A OIL PLATFORM, NO","  45.3","24","  36.8","24","9999.9"," 0","999.9"," 0","  6.2","24"," 32.9","24"," 48.0"," 60.0","  46.4","*","  42.8","*","99.99"," ","999.9","010000"
"01087799999","2020-11-23","60.6333333","3.7166666","90.0","TROLL A OIL PLATFORM, NO","  45.7","24","  38.6","24","9999.9"," 0","999.9"," 0","  6.0","24"," 25.3","24"," 40.0","999.9","  50.0","*","  42.8","*","99.99"," ","999.9","010000"
"01087799999","2020-11-24","60.6333333","3.7166666","90.0","TROLL A OIL PLATFORM, NO","  49.2","24","  45.8","24","9999.9"," 0","999.9"," 0","  5.9","24"," 25.3","24"," 40.0","999.9","  50.0","*","  46.4","*","99.99"," ","999.9","010000"
"01087799999","2020-11-25","60.6333333","3.7166666","90.0","TROLL A OIL PLATFORM, NO","  46.8","24","  41.1","24","9999.9"," 0","999.9"," 0","  6.0","24"," 19.2","24"," 40.0","999.9","  50.0","*","  44.6","*","99.99"," ","999.9","010000"
"01087799999","2020-11-26","60.6333333","3.7166666","90.0","TROLL A OIL PLATFORM, NO","  42.6","24","  32.1","24","9999.9"," 0","999.9"," 0","  6.2","24"," 12.6","24"," 21.0","999.9","  44.6","*","  41.0","*","99.99"," ","999.9","010000"
"01087799999","2020-11-27","60.6333333","3.7166666","90.0","TROLL A OIL PLATFORM, NO","  45.4","24","  38.2","24","9999.9"," 0","999.9"," 0","  6.1","24"," 18.6","24"," 22.9","999.9","  46.4","*","  42.8","*","99.99"," ","999.9","010000"
"01087799999","2020-11-28","60.6333333","3.7166666","90.0","TROLL A OIL PLATFORM, NO","  46.0","24","  39.3","24","9999.9"," 0","999.9"," 0","  6.1","24"," 20.5","24"," 29.9","999.9","  48.2","*","  44.6","*","99.99"," ","999.9","010000"
"01087799999","2020-11-29","60.6333333","3.7166666","90.0","TROLL A OIL PLATFORM, NO","  47.4","24","  40.1","24","9999.9"," 0","999.9"," 0","  6.2","24"," 25.0","24"," 36.9","999.9","  48.2","*","  44.6","*","99.99"," ","999.9","010000"
"01087799999","2020-11-30","60.6333333","3.7166666","90.0","TROLL A OIL PLATFORM, NO","  45.4","21","  40.0","21","9999.9"," 0","999.9"," 0","  5.6","21"," 27.1","21"," 39.0"," 45.1","  46.4","*","  42.8","*","99.99"," ","999.9","010000"
"01087799999","2020-12-01","60.6333333","3.7166666","90.0","TROLL A OIL PLATFORM, NO","  44.7","24","  35.7","24","9999.9"," 0","999.9"," 0","  6.2","24"," 19.5","24"," 35.0","999.9","  46.4","*","  44.6","*","99.99"," ","999.9","010000"
"01087799999","2020-12-02","60.6333333","3.7166666","90.0","TROLL A OIL PLATFORM, NO","  44.9","24","  38.2","24","9999.9"," 0","999.9"," 0","  5.6","24"," 32.7","24"," 47.0"," 53.0","  46.4","*","  41.0","*","99.99"," ","999.9","011000"
"01087799999","2020-12-03","60.6333333","3.7166666","90.0","TROLL A OIL PLATFORM, NO","  42.9","24","  35.3","24","9999.9"," 0","999.9"," 0","  5.9","24"," 24.7","24"," 40.0","999.9","  44.6","*","  39.2","*","99.99"," ","999.9","011000"
"01087799999","2020-12-04","60.6333333","3.7166666","90.0","TROLL A OIL PLATFORM, NO","  42.2","24","  30.0","24","9999.9"," 0","999.9"," 0","  6.2","24"," 16.7","24"," 31.1","999.9","  42.8","*","  41.0","*","99.99"," ","999.9","010000"
"01087799999","2020-12-05","60.6333333","3.7166666","90.0","TROLL A OIL PLATFORM, NO","  43.0","24","  29.6","24","9999.9"," 0","999.9"," 0","  6.2","24"," 12.4","24"," 25.1","999.9","  48.2","*","  42.8","*"," 0.00","I","999.9","000000"
"01087799999","2020-12-06","60.6333333","3.7166666","90.0","TROLL A OIL PLATFORM, NO","  44.3","24","  36.9","24","9999.9"," 0","999.9"," 0","  6.1","24"," 17.3","24"," 28.0","999.9","  46.4","*","  41.0","*","99.99"," ","999.9","010000"
"01087799999","2020-12-07","60.6333333","3.7166666","90.0","TROLL A OIL PLATFORM, NO","  45.2","24","  38.5","24","9999.9"," 0","999.9"," 0","  6.2","24"," 14.7","24"," 24.1","999.9","  48.2","*","  42.8","*","99.99"," ","999.9","010000"
"01087799999","2020-12-08","60.6333333","3.7166666","90.0","TROLL A OIL PLATFORM, NO","  48.6","24","  38.5","24","9999.9"," 0","999.9"," 0","  6.2","24"," 17.0","24"," 25.1","999.9","  50.0","*","  44.6","*","99.99"," ","999.9","010000"
"01087799999","2020-12-09","60.6333333","3.7166666","90.0","TROLL A OIL PLATFORM, NO","  45.7","24","  36.7","24","9999.9"," 0","999.9"," 0","  6.1","24"," 26.4","24"," 29.9","999.9","  46.4","*","  42.8","*","99.99"," ","999.9","010000"
"01087799999","2020-12-10","60.6333333","3.7166666","90.0","TROLL A OIL PLATFORM, NO","  46.3","24","  34.8","24","9999.9"," 0","999.9"," 0","  6.2","24"," 31.3","24"," 42.0","999.9","  46.4","*","  44.6","*"," 0.00","I","999.9","000000"
"01087799999","2020-12-11","60.6333333","3.7166666","90.0","TROLL A OIL PLATFORM, NO","  44.6","24","  29.1","24","9999.9"," 0","999.9"," 0","  6.2","24"," 29.5","24"," 41.0","999.9","  46.4","*","  42.8","*"," 0.00","I","999.9","000000"
"01087799999","2020-12-12","60.6333333","3.7166666","90.0","TROLL A OIL PLATFORM, NO","  44.1","24","  31.2","24","9999.9"," 0","999.9"," 0","  6.2","24"," 11.8","24"," 22.0","999.9","  44.6","*","  42.8","*"," 0.00","I","999.9","000000"
"01087799999","2020-12-13","60.6333333","3.7166666","90.0","TROLL A OIL PLATFORM, NO","  45.1","24","  33.6","24","9999.9"," 0","999.9"," 0","  6.2","24"," 17.9","24"," 34.0","999.9","  46.4","*","  42.8","*","99.99"," ","999.9","010000"
"01087799999","2020-12-14","60.6333333","3.7166666","90.0","TROLL A OIL PLATFORM, NO","  46.2","24","  38.4","24","9999.9"," 0","999.9"," 0","  5.7","24"," 38.9","24"," 49.0"," 52.1","  48.2","*","  44.6","*","99.99"," ","999.9","010000"
"01087799999","2020-12-15","60.6333333","3.7166666","90.0","TROLL A OIL PLATFORM, NO","  47.9","23","  44.8","23","9999.9"," 0","999.9"," 0","  5.9","23"," 21.7","23"," 28.0","999.9","  48.2","*","  46.4","*","99.99"," ","999.9","010000"
"01087799999","2020-12-16","60.6333333","3.7166666","90.0","TROLL A OIL PLATFORM, NO","  47.6","24","  43.6","24","9999.9"," 0","999.9"," 0","  6.0","24"," 24.4","24"," 41.0","999.9","  48.2","*","  46.4","*","99.99"," ","999.9","010000"
"01087799999","2020-12-17","60.6333333","3.7166666","90.0","TROLL A OIL PLATFORM, NO","  47.1","24","  42.9","24","9999.9"," 0","999.9"," 0","  5.3","24"," 31.3","24"," 44.1"," 53.0","  48.2","*","  42.8","*","99.99"," ","999.9","010000"
"01087799999","2020-12-18","60.6333333","3.7166666","90.0","TROLL A OIL PLATFORM, NO","  48.2","24","  46.1","24","9999.9"," 0","999.9"," 0","  3.4","24"," 33.9","24"," 41.0","999.9","  50.0","*","  46.4","*","99.99"," ","999.9","010000"
"01087799999","2020-12-19","60.6333333","3.7166666","90.0","TROLL A OIL PLATFORM, NO","  49.1","24","  47.5","24","9999.9"," 0","999.9"," 0","  2.5","24"," 40.8","24"," 46.0","999.9","  50.0","*","  48.2","*","99.99"," ","999.9","010000"
"01087799999","2020-12-20","60.6333333","3.7166666","90.0","TROLL A OIL PLATFORM, NO","  47.6","24","  41.9","24","9999.9"," 0","999.9"," 0","  6.1","24"," 39.2","24"," 49.9","999.9","  48.2","*","  46.4","*","99.99"," ","999.9","010000"
"01087799999","2020-12-21","60.6333333","3.7166666","90.0","TROLL A OIL PLATFORM, NO","  46.3","24","  40.3","24","9999.9"," 0","999.9"," 0","  5.6","24"," 33.3","24"," 42.9","999.9","  46.4","*","  44.6","*","99.99"," ","999.9","010000"
"01087799999","2020-12-22","60.6333333","3.7166666","90.0","TROLL A OIL PLATFORM, NO","  44.1","24","  38.5","24","9999.9"," 0","999.9"," 0","  5.3","24"," 31.9","24"," 44.1"," 55.9","  46.4","*","  39.2","*","99.99"," ","999.9","011000"
"01087799999","2020-12-23","60.6333333","3.7166666","90.0","TROLL A OIL PLATFORM, NO","  41.7","24","  33.1","24","9999.9"," 0","999.9"," 0","  6.2","24"," 25.2","24"," 34.0","999.9","  44.6","*","  37.4","*","99.99"," ","999.9","010000"
"01087799999","2020-12-24","60.6333333","3.7166666","90.0","TROLL A OIL PLATFORM, NO","  38.9","24","  29.8","24","9999.9"," 0","999.9"," 0","  6.0","24"," 28.5","24"," 39.0"," 42.9","  41.0","*","  35.6","*","99.99"," ","999.9","010000"
"01087799999","2020-12-25","60.6333333","3.7166666","90.0","TROLL A OIL PLATFORM, NO","  41.0","24","  33.0","24","9999.9"," 0","999.9"," 0","  5.7","24"," 22.8","24"," 40.0","999.9","  44.6","*","  37.4","*","99.99"," ","999.9","010000"
"01087799999","2020-12-26","60.6333333","3.7166666","90.0","TROLL A OIL PLATFORM, NO","  44.2","24","  38.4","24","9999.9"," 0","999.9"," 0","  5.1","24"," 31.5","24"," 42.0"," 45.1","  44.6","*","  42.8","*","99.99"," ","999.9","010000"
"01087799999","2020-12-27","60.6333333","3.7166666","90.0","TROLL A OIL PLATFORM, NO","  43.4","24","  39.3","24","9999.9"," 0","999.9"," 0","  5.3","24"," 28.4","24"," 42.9","999.9","  44.6","*","  37.4","*","99.99"," ","999.9","011000"
"01087799999","2020-12-28","60.6333333","3.7166666","90.0","TROLL A OIL PLATFORM, NO","  43.0","24","  33.4","24","9999.9"," 0","999.9"," 0","  6.2","24"," 17.1","24"," 28.9","999.9","  44.6","*","  41.0","*","99.99"," ","999.9","010000"
"01087799999","2020-12-29","60.6333333","3.7166666","90.0","TROLL A OIL PLATFORM, NO","  43.5","24","  34.2","24","9999.9"," 0","999.9"," 0","  6.2","24","  9.7","24"," 17.1","999.9","  46.4","*","  41.0","*","99.99"," ","999.9","010000"
"01087799999","2020-12-30","60.6333333","3.7166666","90.0","TROLL A OIL PLATFORM, NO","  43.9","24","  34.3","24","9999.9"," 0","999.9"," 0","  6.2","24","  8.5","24"," 14.0","999.9","  44.6","*","  42.8","*"," 0.00","I","999.9","000000"
"01087799999","2020-12-31","60.6333333","3.7166666","90.0","TROLL A OIL PLATFORM, NO","  43.9","24","  35.9","24","9999.9"," 0","999.9"," 0","  6.2","24"," 20.1","24"," 39.0","999.9","  44.6","*","  42.8","*","99.99"," ","999.9","010000"
